,AGUASCALIENTES,BAJA CALIFORNIA,BAJA CALIFORNIA SUR,CAMPECHE,CHIAPAS,CHIHUAHUA,DISTRITO FEDERAL,COAHUILA,COLIMA,DURANGO,GUANAJUATO,GUERRERO,HIDALGO,JALISCO,MEXICO,MICHOACAN,MORELOS,NAYARIT,NUEVO LEON,OAXACA,PUEBLA,QUERETARO,QUINTANA ROO,SAN LUIS POTOSI,SINALOA,SONORA,TABASCO,TAMAULIPAS,TLAXCALA,VERACRUZ,YUCATAN,ZACATECAS,Nacional
17-03-2020,0,0,0,0,0,0,0,0,0,0,0,0,0,0,0,0,0,0,0,0,0,0,0,0,0,0,0,0,0,0,0,0,0
18-03-2020,0,0,0,0,0,0,0,0,0,1,0,0,0,0,1,0,0,0,0,1,0,0,0,0,0,0,0,0,0,0,0,0,3
19-03-2020,0,0,0,0,0,0,0,0,0,0,0,0,0,0,0,0,0,0,0,0,0,0,0,0,0,0,0,0,0,0,0,0,0
20-03-2020,0,0,0,0,0,0,0,0,0,0,0,0,0,1,0,0,0,0,0,0,0,0,0,0,0,0,0,0,0,0,0,0,1.4938271604938274
21-03-2020,0,0,0,0,0,0,0,0,0,0,0,0,0,0,0,0,0,0,0,0,0,0,0,0,0,0,0,0,0,0,0,0,2.130658436213992
22-03-2020,0,0,0,0,0,0,1,0,0,0,0,1,0,0,0,0,0,0,0,0,0,0,0,0,0,0,0,0,0,0,0,0,2.8364197530864197
23-03-2020,0,0,0,0,0,0,1,0,0,0,0,0,0,0,0,0,0,0,0,0,0,0,0,0,0,0,0,0,0,0,0,0,4.0947930955647
24-03-2020,0,0,0,0,0,0,0,0,0,1,0,0,0,0,0,0,0,0,0,0,0,0,0,1,0,0,0,0,0,0,1,0,5.421201036427374
25-03-2020,0,0,0,0,0,0,1,0,0,0,0,0,0,0,0,0,0,0,0,0,0,0,0,1,0,0,0,0,0,0,0,0,6.891158455265966
26-03-2020,0,0,0,0,0,0,3,0,0,0,0,0,0,2,0,1,0,0,0,0,0,0,1,0,1,0,0,0,0,0,0,0,8.833628903537738
27-03-2020,0,0,0,0,0,0,3,1,0,0,0,0,1,0,0,0,0,0,0,0,1,0,1,0,1,0,0,0,0,0,0,0,11.136956194043648
28-03-2020,0,0,0,0,0,0,2,1,0,0,0,1,1,0,4,0,1,0,0,0,1,1,1,0,1,0,0,0,0,1,0,0,13.623204660183353
29-03-2020,0,1,1,0,0,0,2,0,0,0,0,0,0,0,2,0,1,0,0,1,0,0,0,0,1,0,0,0,0,0,0,0,16.519738682162235
30-03-2020,0,2,0,0,0,0,4,1,0,0,0,0,1,0,3,0,0,1,0,0,0,0,0,1,0,1,0,0,0,0,0,0,19.5210353536341
31-03-2020,0,2,1,0,0,1,7,2,0,1,0,0,0,1,3,0,1,0,0,0,1,0,2,0,1,0,2,0,0,0,0,1,23.11756420846542
01-04-2020,0,2,0,0,0,0,6,3,0,1,0,0,1,0,1,0,1,0,0,0,1,0,1,0,2,0,2,0,0,1,0,0,27.121177526139093
02-04-2020,0,5,0,0,0,0,5,2,0,0,0,0,0,2,5,0,0,0,0,0,1,1,2,0,3,0,0,0,0,0,0,0,31.667086349506462
03-04-2020,0,2,0,0,0,4,7,2,0,0,0,0,1,0,3,2,0,0,2,0,2,0,2,0,2,0,1,1,0,1,2,0,36.091328971690324
04-04-2020,0,9,1,0,0,2,7,1,0,0,0,2,0,0,5,1,0,0,0,0,3,0,1,0,5,0,1,1,0,0,0,1,40.520310298650536
05-04-2020,0,1,2,0,0,2,6,2,0,0,2,0,0,1,7,0,0,0,1,0,3,0,1,0,0,2,3,0,0,0,0,0,45.43887526162451
06-04-2020,0,12,0,1,1,2,16,1,0,0,0,2,0,0,5,1,1,0,0,0,4,0,4,1,1,1,3,1,0,0,1,0,51.015056328674724
07-04-2020,0,5,0,0,0,9,11,4,0,0,1,0,0,1,10,0,1,0,2,0,10,0,2,0,3,1,0,0,0,0,2,0,57.1522797130069
08-04-2020,0,7,1,0,0,6,6,0,0,0,0,0,2,1,8,1,1,3,0,0,1,0,3,0,6,1,1,0,1,0,0,0,63.83252926663642
09-04-2020,0,7,0,0,1,5,17,1,0,0,1,1,0,0,7,1,0,1,0,1,2,0,6,0,8,1,1,0,0,1,0,0,71.03798377709988
10-04-2020,1,11,0,1,0,3,27,1,0,0,1,0,0,1,8,1,1,0,0,0,5,0,2,0,11,0,1,0,0,0,3,0,78.13036651612067
11-04-2020,0,14,1,0,1,2,24,1,0,0,0,0,0,1,16,1,0,0,0,1,5,1,2,0,9,1,1,0,0,0,0,0,85.26060237083101
12-04-2020,0,20,1,0,0,7,13,0,0,0,0,1,0,0,19,0,0,1,0,0,2,0,6,0,7,3,2,0,3,3,0,0,92.28121928732503
13-04-2020,1,14,2,0,1,6,18,1,1,0,0,1,0,0,23,4,3,0,1,0,4,0,6,0,8,1,5,0,0,1,1,0,101.07260091974081
14-04-2020,0,20,0,1,0,7,27,5,0,0,2,1,2,0,20,2,1,0,0,1,6,1,3,0,5,1,5,1,2,1,0,0,111.53530695934937
15-04-2020,0,22,0,0,0,11,27,1,0,0,1,3,3,0,21,1,3,0,0,0,4,1,1,0,6,3,3,1,0,0,3,0,124.60983229390995
16-04-2020,0,18,1,0,0,6,28,4,1,0,0,1,0,1,23,2,1,0,1,1,5,0,4,0,5,0,3,0,0,1,1,0,138.48436511548368
17-04-2020,1,30,1,1,0,14,24,1,0,0,3,1,0,1,28,1,3,1,0,1,5,0,4,1,6,1,10,1,1,1,1,0,152.3564656252112
18-04-2020,0,20,1,0,0,12,30,0,0,0,0,3,2,0,34,1,0,0,0,0,7,0,7,1,6,1,9,0,0,3,0,0,166.12976624186388
19-04-2020,1,32,0,2,1,10,42,2,0,0,0,4,2,2,33,2,5,0,1,1,8,0,8,0,4,2,8,0,2,7,1,1,180.81525711706547
20-04-2020,0,27,1,0,0,20,44,4,0,0,0,3,1,1,45,4,6,2,1,1,8,0,10,0,11,4,8,4,0,4,2,0,197.21019731732721
21-04-2020,0,25,1,1,0,26,54,2,0,1,2,7,2,1,50,0,6,0,0,1,4,1,8,0,7,3,5,0,2,3,3,0,213.58721941982708
22-04-2020,1,35,2,2,2,15,43,3,0,0,3,3,2,3,46,1,8,0,2,1,7,0,6,0,8,3,9,0,2,8,1,0,229.66457721132448
23-04-2020,0,32,0,2,1,12,62,2,0,0,3,3,2,1,49,3,6,0,1,4,5,0,8,1,7,1,13,3,1,3,4,1,245.92984844075355
24-04-2020,0,33,1,2,0,27,67,2,0,1,1,1,1,3,67,2,4,0,1,1,8,0,16,0,6,1,9,1,1,5,2,0,263.2763847884419
25-04-2020,0,34,1,2,0,17,83,2,0,1,3,4,7,2,64,4,7,0,1,0,6,1,10,0,12,1,11,3,2,10,2,0,282.1720392336565
26-04-2020,0,28,2,1,0,19,86,3,1,1,2,1,8,0,82,3,9,1,1,2,9,1,12,1,10,0,10,1,2,11,2,1,299.0562450025922
27-04-2020,1,43,0,1,1,17,75,0,0,0,0,8,2,1,66,1,7,1,2,3,6,1,14,0,10,5,6,2,4,6,1,1,314.5451472311392
28-04-2020,1,44,1,0,1,20,73,2,0,1,0,5,6,3,98,3,10,0,2,0,14,0,10,0,9,2,9,1,4,3,3,1,328.37576182446094
29-04-2020,0,45,1,3,1,21,120,0,0,0,2,4,2,2,94,5,11,0,2,1,11,1,12,1,11,3,11,0,5,13,3,1,343.77970765953825
30-04-2020,1,35,0,0,1,20,112,0,0,0,3,2,5,3,92,5,8,0,1,4,10,1,11,1,14,1,10,3,3,6,1,1,359.69867072309415
01-05-2020,0,33,0,2,1,30,118,1,0,1,3,2,9,0,104,2,17,0,2,1,14,1,14,0,18,2,20,2,2,8,2,1,372.9666244512334
02-05-2020,0,38,0,2,4,20,83,1,1,2,2,8,2,4,92,1,17,1,3,1,9,1,5,0,8,3,17,3,3,18,6,3,383.4113367507213
03-05-2020,0,27,1,1,0,18,107,2,0,1,3,4,7,3,101,1,12,2,2,2,13,2,9,1,11,1,15,1,1,16,2,3,391.1088839817914
04-05-2020,1,42,1,0,1,24,114,4,2,1,3,6,10,3,136,4,21,3,2,4,15,2,6,2,13,2,15,1,6,14,2,1,399.3185102010818
05-05-2020,0,47,0,1,3,18,119,1,1,0,2,7,12,3,118,5,17,3,3,3,12,1,9,1,24,0,8,1,4,18,7,1,407.0848969794576
06-05-2020,3,40,2,1,1,16,124,3,0,0,3,11,8,5,94,0,14,0,2,5,9,2,10,1,9,0,17,3,3,24,4,0,416.2707023862661
07-05-2020,3,31,0,1,1,26,110,1,0,0,4,9,8,3,102,2,12,1,2,5,16,0,8,1,16,3,11,4,2,18,3,0,425.8125402089443
08-05-2020,1,38,2,1,3,17,120,1,0,2,7,4,9,0,112,4,13,1,1,5,12,0,5,1,16,2,24,6,7,23,2,0,437.777570645369
09-05-2020,0,41,0,3,4,24,109,1,0,1,4,13,6,3,104,4,15,0,3,4,8,0,9,1,6,3,14,3,1,32,1,1,451.1382005161986
10-05-2020,1,34,1,1,7,26,133,2,0,0,1,10,11,4,111,4,17,2,3,2,6,4,8,0,9,4,13,4,1,30,7,1,466.00101872400245
11-05-2020,0,36,1,3,5,19,124,3,1,0,3,12,9,2,105,3,17,1,3,5,16,2,6,1,15,4,16,4,10,28,6,0,481.11789484558557
12-05-2020,0,31,0,2,5,18,143,0,0,0,1,8,13,4,117,2,12,0,4,5,20,4,14,1,18,1,15,3,9,29,7,1,495.9605404036883
13-05-2020,2,41,1,1,5,21,125,0,0,1,4,10,9,3,137,6,22,0,4,6,17,1,7,0,6,4,17,5,5,23,6,1,510.9736453427069
14-05-2020,1,41,1,4,3,22,153,1,0,3,2,10,15,4,119,10,10,4,3,8,18,2,11,1,16,7,18,6,4,41,7,1,524.1769891433092
15-05-2020,1,30,0,5,2,18,146,3,1,3,8,15,15,7,145,4,12,2,4,8,20,4,10,2,18,5,28,2,8,27,1,2,535.1095958340392
16-05-2020,1,34,1,3,3,16,149,4,1,2,3,14,10,9,142,6,10,2,3,3,18,8,7,4,16,7,18,3,9,25,3,0,542.9688903996029
17-05-2020,4,45,1,2,6,16,159,2,0,1,2,17,13,6,153,7,11,3,3,8,14,8,6,5,20,12,19,0,8,27,8,1,548.1567282978243
18-05-2020,0,52,1,2,5,19,161,0,1,0,6,20,14,3,152,4,16,2,4,7,13,1,10,2,19,9,16,4,3,40,5,0,552.5609914941912
19-05-2020,0,34,0,2,12,26,140,0,0,0,4,16,8,1,143,9,21,3,5,13,23,3,8,0,19,10,20,5,6,42,4,2,557.7357889464153
20-05-2020,0,41,1,4,7,11,125,2,2,5,2,25,16,6,123,9,22,0,6,7,27,4,5,3,20,11,22,2,5,44,14,0,565.5073556878093
21-05-2020,2,23,0,1,2,7,169,1,1,1,5,19,17,9,138,10,17,2,3,4,22,10,6,1,26,5,23,5,5,32,6,0,573.2298416688743
22-05-2020,1,28,1,1,12,14,132,1,1,0,6,20,13,3,143,8,10,1,3,8,31,2,5,2,19,15,25,4,2,42,6,1,580.2147661271866
23-05-2020,0,30,0,1,8,14,137,2,0,0,6,20,13,4,122,4,15,0,2,11,26,6,4,4,20,18,24,3,5,31,8,1,584.7136925176804
24-05-2020,4,35,1,5,11,7,145,6,4,3,4,27,11,5,159,10,10,2,2,14,22,4,12,2,15,15,18,5,13,34,3,0,588.7130699402643
25-05-2020,1,42,0,3,13,12,143,2,0,3,8,28,13,8,151,11,10,0,9,15,31,5,6,3,21,22,13,5,3,37,9,1,591.8643081366907
26-05-2020,1,37,1,5,4,16,135,3,2,2,5,24,12,5,162,6,11,3,5,10,25,5,6,3,19,23,21,3,6,40,10,1,598.10391818758
27-05-2020,4,35,2,1,12,8,123,0,1,3,6,30,13,6,146,13,9,5,4,13,21,6,7,1,30,22,23,4,6,29,10,1,605.9190182133586
28-05-2020,3,40,0,4,14,13,135,3,0,4,8,22,12,4,157,8,8,6,4,11,27,2,7,1,25,18,22,10,10,35,9,1,616.0286955279793
29-05-2020,3,22,1,3,14,11,120,6,1,3,2,23,12,6,153,3,5,2,6,13,26,7,9,2,28,29,18,2,5,32,7,1,624.2155547708393
30-05-2020,2,34,0,2,15,11,120,3,0,0,7,22,11,14,151,4,7,6,3,18,26,2,9,2,24,22,29,7,0,48,9,1,630.1483069281957
31-05-2020,2,33,0,1,11,6,140,1,3,3,6,25,13,11,164,8,14,5,2,17,28,7,7,4,30,19,12,9,10,34,8,1,633.6835706040401
01-06-2020,2,37,1,2,15,14,129,2,1,1,2,24,9,21,161,8,14,3,4,17,40,5,12,6,37,28,27,6,9,42,11,1,636.693381388022
02-06-2020,3,32,1,4,27,12,123,2,0,4,7,29,7,12,147,6,15,6,3,14,45,6,7,1,32,21,20,6,9,34,11,3,643.519440250023
03-06-2020,4,32,2,3,25,11,127,5,1,1,6,23,16,18,173,9,7,3,8,9,32,5,4,6,45,23,18,7,7,40,4,2,651.938651623741
04-06-2020,4,33,3,3,20,8,123,3,0,2,9,21,5,24,141,14,9,6,10,16,41,9,6,5,32,30,18,5,14,34,6,2,661.8985721021114
05-06-2020,2,26,3,3,24,12,114,6,1,4,13,25,3,18,129,9,10,0,3,6,24,4,8,2,34,42,17,3,5,40,5,2,668.352967869066
06-06-2020,5,40,0,3,11,16,123,4,2,4,17,19,5,19,155,10,13,8,8,14,39,8,10,8,29,28,14,2,7,38,7,1,674.7743824905355
07-06-2020,4,32,0,8,26,15,114,8,2,2,17,26,12,23,154,10,9,4,3,18,39,7,13,6,32,29,20,6,7,35,4,3,679.4336872418883
08-06-2020,2,36,0,9,29,18,133,7,0,3,14,27,15,18,147,13,12,7,5,18,33,3,6,6,39,40,20,7,17,44,5,5,685.4488798107046
09-06-2020,4,24,1,3,29,10,111,4,0,2,12,23,9,26,163,10,9,5,7,26,40,7,8,4,24,36,18,7,11,46,9,3,689.9473956349839
10-06-2020,6,33,0,2,17,9,119,6,2,6,21,25,12,13,150,11,12,4,7,24,38,2,8,4,27,48,19,9,16,44,10,2,696.4921011845721
11-06-2020,3,28,2,2,16,16,119,9,1,4,20,21,10,26,157,11,9,4,5,15,26,8,6,8,26,42,13,5,11,37,8,2,703.4336824925258
12-06-2020,7,33,2,6,27,10,127,4,1,7,16,21,8,29,143,10,9,1,11,20,45,7,6,4,52,45,17,11,8,38,5,1,710.1973017467781
13-06-2020,2,30,2,7,18,9,128,5,1,4,23,30,9,15,134,16,10,1,11,28,47,9,7,3,31,37,18,6,8,38,9,0,712.0523751793498
14-06-2020,3,35,4,5,15,14,115,8,1,6,15,24,15,29,144,18,12,8,6,13,44,5,8,2,31,40,17,19,6,40,13,4,707.5643242127118
15-06-2020,3,25,4,6,17,10,85,6,1,6,23,18,11,19,160,20,7,4,13,20,42,7,7,1,36,50,22,16,7,52,13,3,700.6413441530962
16-06-2020,5,21,1,4,24,11,123,8,2,6,25,22,12,26,156,18,11,5,12,23,50,7,6,7,35,48,27,14,9,49,6,2,693.4854465711256
17-06-2020,4,30,1,9,16,12,113,12,2,9,18,29,13,34,141,25,10,7,13,23,52,5,6,2,35,40,16,19,6,37,8,5,688.5704993094597
18-06-2020,6,25,1,5,18,8,102,3,1,2,27,23,12,20,122,12,7,6,12,13,48,7,6,2,34,48,23,23,9,38,10,6,682.9056755773123
19-06-2020,5,27,1,5,12,8,98,6,3,4,26,32,10,25,133,17,9,9,10,11,31,6,6,4,24,35,20,20,8,42,3,1,676.6359169160834
20-06-2020,4,15,2,10,19,6,74,5,4,1,26,14,8,29,109,16,3,12,7,8,42,5,5,7,31,55,12,9,15,54,9,2,670.9720854223821
21-06-2020,4,25,0,4,14,7,98,15,3,3,16,18,10,31,120,11,10,9,15,20,55,3,9,7,40,33,24,18,13,45,10,2,667.5942536581916
22-06-2020,1,23,1,5,19,11,76,8,2,3,30,30,9,23,120,9,8,3,13,20,54,6,9,7,40,46,20,29,4,32,7,1,667.8844355773155
23-06-2020,2,26,1,11,21,7,74,6,4,4,25,17,15,29,102,11,10,6,11,21,33,5,6,6,39,62,14,21,5,35,12,2,671.9883686160939
24-06-2020,6,27,1,9,25,7,62,14,1,5,26,16,13,30,103,10,4,5,14,17,34,3,9,13,33,60,14,14,8,44,21,1,678.2899440458024
25-06-2020,5,27,1,7,13,8,64,8,5,5,26,17,9,30,94,8,1,8,10,12,30,3,11,9,34,56,24,24,6,53,17,2,685.5786913990108
26-06-2020,10,27,1,12,17,10,74,13,1,6,22,25,18,21,95,10,9,1,22,17,34,5,10,7,28,51,26,28,14,42,12,3,690.4223185550605
27-06-2020,4,22,3,19,14,5,89,11,3,2,31,28,8,23,107,20,3,6,13,14,35,9,7,5,38,45,30,35,10,51,9,0,693.8612399401878
28-06-2020,1,18,0,15,30,8,67,10,2,7,24,23,13,29,113,13,4,8,17,10,36,6,11,8,36,57,28,32,7,46,8,4,697.0565636786423
29-06-2020,4,30,1,13,11,8,58,22,1,2,41,23,12,35,159,8,9,9,16,7,37,7,13,4,32,56,25,33,9,54,18,3,701.724201614768
30-06-2020,2,32,5,10,19,8,72,18,3,2,31,24,7,22,112,12,7,4,24,10,43,5,9,11,25,47,33,37,10,48,23,4,710.2280760204209
01-07-2020,2,22,1,14,16,11,82,16,3,7,30,13,18,34,109,12,8,2,21,20,45,6,12,9,24,50,21,20,12,32,18,3,721.7572699573396
02-07-2020,4,25,5,14,8,8,64,13,1,5,45,11,14,23,126,10,4,1,31,7,41,10,8,3,31,51,29,37,13,41,14,6,734.2923222885838
03-07-2020,4,29,4,16,16,11,67,23,0,2,40,18,11,34,79,8,7,4,25,12,57,6,14,5,41,51,27,21,8,42,20,4,743.9714340293382
04-07-2020,8,31,1,10,16,6,76,22,2,3,40,22,6,42,98,8,5,4,21,18,50,8,6,4,32,56,22,43,7,52,17,2,748.3960071702899
05-07-2020,4,38,2,8,20,6,67,11,3,4,34,14,9,36,101,11,4,7,30,19,50,6,17,8,44,50,33,44,12,50,10,1,750.3863588812337
06-07-2020,2,45,2,14,10,14,80,16,3,4,35,16,7,28,128,11,3,7,29,15,54,5,11,12,34,52,43,51,14,56,23,3,750.4190873039034
07-07-2020,6,32,0,20,18,14,80,20,0,8,39,26,10,32,93,8,3,6,28,20,58,7,15,10,36,52,38,44,16,55,23,7,753.3606347339108
08-07-2020,6,25,2,14,13,9,51,17,3,7,44,11,10,33,101,10,4,6,25,11,55,10,14,7,36,50,31,38,13,64,15,5,758.3438320584464
09-07-2020,3,23,3,18,15,14,66,19,4,7,41,12,10,30,99,5,4,10,30,15,43,4,24,11,39,61,33,28,11,60,19,3,766.3155920777721
10-07-2020,2,31,3,21,16,12,49,13,4,3,36,19,15,26,99,10,8,4,19,18,41,3,21,15,17,55,40,31,12,55,24,6,773.5763782797449
11-07-2020,6,26,5,14,15,15,61,17,11,10,34,16,12,35,113,15,4,6,26,13,38,1,16,8,24,59,38,21,12,50,17,4,779.1255537529478
12-07-2020,4,24,7,14,16,12,71,15,6,7,40,10,19,33,98,12,2,6,31,16,46,7,17,14,37,51,34,24,12,52,17,5,781.6064131650895
13-07-2020,3,19,6,15,14,14,58,21,7,4,29,20,16,36,93,14,9,9,41,24,65,8,14,17,40,55,42,41,9,71,20,2,782.1507432493563
14-07-2020,5,23,4,13,18,9,73,26,4,9,38,24,14,27,104,8,4,8,32,23,41,3,25,16,36,61,30,28,21,55,20,6,782.47307917457
15-07-2020,3,9,6,14,12,5,72,29,6,4,39,15,14,39,93,16,3,4,48,17,45,4,15,18,42,47,34,36,18,58,31,8,785.5431735442376
16-07-2020,3,26,2,19,12,7,58,27,4,8,32,11,15,34,108,7,5,5,36,11,59,7,12,23,27,52,39,48,12,76,25,5,788.2106294628826
17-07-2020,2,27,8,16,12,7,56,20,7,6,36,15,17,20,86,13,5,7,33,16,56,8,24,17,36,39,42,35,15,64,22,3,790.4289623459917
18-07-2020,3,18,2,13,8,7,65,19,3,7,44,16,14,28,89,5,3,5,44,12,60,6,13,13,25,44,30,32,18,70,25,6,787.7935852916243
19-07-2020,2,25,3,21,3,14,58,22,3,3,35,17,9,29,104,7,9,15,43,21,53,8,15,19,43,40,39,35,13,71,18,6,785.2950411584171
20-07-2020,5,28,8,11,13,12,55,25,5,10,36,14,14,39,82,7,3,5,32,13,51,9,28,21,34,40,34,41,19,68,37,5,781.6491178032526
21-07-2020,2,20,4,17,11,8,56,30,7,3,45,17,19,36,90,6,7,10,40,14,58,4,27,29,25,54,39,42,15,64,35,6,781.3810944386078
22-07-2020,2,22,5,13,6,17,43,23,8,4,37,12,13,27,79,7,1,7,48,23,54,11,15,28,27,27,37,38,20,56,40,2,781.589292518153
23-07-2020,8,23,5,10,3,8,54,24,1,8,24,16,9,35,88,9,4,10,45,14,61,6,17,35,25,48,33,47,16,59,32,8,780.1625964075155
24-07-2020,10,16,7,13,8,9,45,16,10,1,53,15,17,25,81,13,13,1,44,17,52,4,16,25,29,31,24,38,13,55,23,9,775.6920360543813
25-07-2020,5,29,5,12,6,7,61,23,3,9,41,16,21,34,86,17,4,9,37,9,60,8,15,27,26,30,36,30,10,68,27,8,766.7569266176674
26-07-2020,4,17,10,18,4,10,54,16,4,5,41,18,14,28,84,18,4,8,45,12,59,9,15,19,33,40,27,45,19,67,24,14,758.9206193291787
27-07-2020,3,24,6,14,9,10,53,20,7,4,45,10,18,37,95,14,3,8,55,14,47,4,16,23,37,39,35,39,14,65,39,2,749.5346254608567
28-07-2020,3,21,8,10,3,17,49,28,4,1,39,7,17,44,79,12,3,8,59,19,42,6,17,39,21,34,33,30,12,64,42,7,744.3089164119887
29-07-2020,3,18,9,13,9,14,35,19,4,4,35,8,17,22,76,18,2,9,40,11,58,6,13,22,27,22,24,40,10,64,25,8,740.6660172759942
30-07-2020,3,25,13,6,5,13,60,36,7,8,41,14,19,38,74,8,3,6,40,13,67,8,18,22,17,32,33,34,12,46,20,7,740.688022088198
31-07-2020,4,16,4,11,6,7,47,20,7,11,31,12,17,21,78,13,5,4,40,13,47,9,19,28,35,24,26,31,10,47,23,8,739.5963771543223
01-08-2020,3,16,8,15,10,7,47,35,10,4,42,11,13,32,84,23,5,7,40,9,48,10,10,20,31,16,30,36,15,47,38,13,734.5685645026424
02-08-2020,2,18,6,15,4,7,55,23,4,4,34,14,19,28,76,12,3,13,52,13,47,12,21,29,18,19,22,33,9,55,23,7,726.8920175971783
03-08-2020,2,23,6,19,10,11,56,29,10,6,31,13,19,30,85,20,11,6,41,18,38,4,22,37,26,24,24,24,9,58,35,12,716.9504770836071
04-08-2020,6,33,5,7,6,15,55,28,5,9,38,15,23,33,75,11,11,7,46,9,48,5,20,38,33,28,22,30,17,51,41,7,708.7242325189809
05-08-2020,2,16,8,9,6,12,61,26,8,9,43,10,21,33,74,14,5,8,55,16,47,12,12,34,17,18,21,29,9,44,32,9,701.4855484504018
06-08-2020,6,13,3,12,2,12,42,23,8,4,35,7,22,36,88,18,9,9,53,18,41,10,15,26,22,24,15,26,8,38,34,15,695.1635653055149
07-08-2020,7,15,7,4,2,11,53,31,4,7,32,15,15,34,65,15,6,5,55,15,37,4,16,27,28,21,12,20,4,45,24,9,687.7872808572941
08-08-2020,5,20,9,8,3,8,65,21,8,7,41,10,14,41,67,18,4,7,32,12,37,10,22,25,17,16,19,33,12,45,24,22,676.8371223286355
09-08-2020,5,7,8,9,6,15,34,20,10,9,34,11,16,29,85,20,5,7,52,11,39,9,12,28,31,11,19,28,7,39,23,13,664.5690450821177
10-08-2020,3,17,5,5,4,7,47,31,9,4,34,7,27,21,85,17,6,6,44,10,41,11,20,31,20,9,23,23,14,51,34,10,650.9645463843615
11-08-2020,5,23,13,9,3,10,42,22,9,6,26,13,25,41,63,16,11,5,48,11,50,6,21,34,17,25,21,28,11,47,31,8,640.1675209491299
12-08-2020,5,6,7,5,7,11,45,36,3,2,22,4,19,33,71,17,5,2,41,15,39,4,11,34,22,14,22,32,3,50,21,10,630.2239227342418
13-08-2020,5,12,6,7,6,5,45,20,7,6,22,14,16,31,66,10,9,9,43,13,39,5,7,26,28,22,19,22,6,48,31,9,622.6946279537229
14-08-2020,6,22,9,9,1,7,46,20,6,6,35,4,19,34,64,13,6,10,31,16,38,11,9,32,21,14,15,19,4,31,17,5,614.2668067601854
15-08-2020,8,14,7,10,2,7,45,21,5,4,24,15,13,30,74,16,2,11,34,12,43,12,17,22,12,13,12,27,4,34,27,9,606.6966976460379
16-08-2020,6,19,9,3,2,6,42,27,4,3,23,16,14,33,69,20,8,3,42,14,40,8,8,14,16,18,18,24,7,39,19,2,599.0352824768438
17-08-2020,4,28,10,7,2,9,45,23,10,2,34,10,22,34,68,27,9,10,44,9,31,6,13,29,18,20,8,20,4,36,21,14,591.6404411431005
18-08-2020,5,22,12,4,3,4,47,28,3,5,29,12,18,27,65,18,5,8,32,14,21,12,13,17,15,13,9,30,8,33,28,7,584.1840771805729
19-08-2020,4,12,9,5,4,9,44,17,5,12,26,20,19,41,78,18,3,6,31,7,36,14,16,19,25,12,13,17,3,38,15,7,576.2302296971448
20-08-2020,5,11,8,1,3,9,50,15,7,4,29,12,12,33,56,10,3,15,49,14,29,11,14,28,26,12,11,15,12,40,14,7,569.1507213138958
21-08-2020,6,13,8,4,2,10,41,24,9,3,22,6,21,28,67,20,3,5,44,5,23,8,12,26,18,14,12,32,7,34,25,7,561.3470380058901
22-08-2020,3,16,4,4,1,9,45,18,9,7,39,9,22,38,54,18,4,7,41,4,24,19,13,25,24,12,11,16,8,33,23,13,553.8404525330617
23-08-2020,2,13,7,5,1,6,51,14,7,5,25,6,21,41,75,19,5,4,30,10,19,8,17,17,17,10,10,20,4,25,19,12,546.3530771390225
24-08-2020,16,17,8,2,0,12,45,19,7,4,16,9,13,28,60,15,5,5,35,8,32,5,16,38,21,11,13,22,6,28,16,9,540.940432863175
25-08-2020,7,11,10,3,3,8,56,15,11,9,25,12,30,33,55,13,7,9,31,5,27,12,11,27,20,10,7,17,3,32,21,5,537.1389106076489
26-08-2020,5,13,4,4,3,11,44,20,6,5,19,9,17,39,44,22,7,7,31,9,24,10,12,22,14,11,21,19,6,34,20,9,534.643786257002
27-08-2020,11,11,4,1,3,12,37,16,7,8,26,7,14,27,64,15,5,9,23,4,27,7,8,22,15,7,18,17,5,31,23,10,531.7102946086342
28-08-2020,6,15,5,0,0,12,50,30,5,12,22,6,19,31,71,22,11,3,34,5,25,6,7,23,15,13,4,17,10,32,13,8,527.2951773557359
29-08-2020,4,9,8,2,2,6,52,15,7,9,22,15,19,28,62,23,3,9,35,9,24,13,7,15,18,6,14,19,9,26,9,13,521.6706265790418
30-08-2020,5,23,4,12,1,7,45,17,2,5,21,6,16,24,52,20,6,12,35,13,29,17,11,23,21,6,9,16,2,37,24,6,515.0902167527349
31-08-2020,10,15,10,3,0,13,47,29,7,6,30,4,16,28,53,18,6,4,43,6,35,11,7,18,17,11,11,19,5,36,18,12,507.99594166700234
01-09-2020,7,18,6,4,2,7,61,20,11,6,25,5,16,33,54,21,4,5,35,8,18,6,4,17,14,6,11,19,11,28,15,11,501.3527789592515
02-09-2020,13,17,11,3,0,4,51,21,4,7,20,6,15,31,58,14,8,5,35,3,24,7,8,31,11,8,4,12,4,28,19,8,494.4105095643934
03-09-2020,6,9,7,3,3,8,46,15,1,9,20,8,9,25,65,26,10,9,33,9,25,7,15,13,22,9,11,12,4,31,16,6,489.0516394228468
04-09-2020,8,13,3,3,2,14,52,18,8,5,25,5,13,27,45,19,5,10,33,8,25,11,8,15,15,13,10,10,5,30,10,11,482.63400507748565
05-09-2020,12,14,4,2,3,5,50,16,4,7,21,9,13,23,56,15,5,7,29,10,32,12,6,17,21,4,3,7,5,34,11,6,477.6983542572384
06-09-2020,7,7,3,1,0,11,50,13,6,5,15,4,17,45,72,19,4,3,24,8,23,6,6,18,13,10,8,16,4,20,12,10,472.30382424691624
07-09-2020,8,21,1,1,0,6,45,20,3,4,15,14,12,28,60,12,7,11,28,9,16,17,11,18,22,8,9,17,4,37,13,14,467.17608672808046
08-09-2020,9,11,9,2,0,4,41,16,7,9,11,2,12,39,45,16,2,6,34,8,30,7,5,22,8,6,5,17,4,25,8,8,462.16730128841346
09-09-2020,7,17,9,0,1,8,49,19,5,8,17,11,15,28,54,22,4,6,29,8,24,10,7,23,15,6,6,20,0,29,12,13,456.87689165526325
10-09-2020,2,9,4,1,0,13,49,14,5,4,17,7,9,28,52,22,4,2,35,9,17,14,7,10,21,10,5,20,1,34,10,5,453.14393597177224
11-09-2020,6,9,1,2,0,8,56,24,5,8,25,3,16,31,56,9,4,9,25,5,23,12,5,15,14,5,4,14,3,31,11,5,448.2558830504995
12-09-2020,6,12,3,2,3,10,51,19,6,6,21,15,13,24,62,20,4,7,29,6,18,7,9,10,19,3,8,21,4,37,4,6,442.0351363133279
13-09-2020,4,8,5,1,0,8,47,12,4,6,16,14,11,35,51,14,4,2,28,13,18,10,10,11,11,7,4,11,5,22,6,5,434.3481762434015
14-09-2020,9,18,3,2,1,9,47,20,8,8,20,6,10,34,45,25,2,9,36,6,19,11,6,14,9,5,6,17,2,31,9,4,427.3269597877267
15-09-2020,5,11,3,4,1,8,59,13,4,4,17,12,8,24,53,19,4,9,32,12,22,6,7,28,11,4,5,9,2,27,11,8,422.7547890698086
16-09-2020,7,11,1,1,1,6,40,10,5,13,12,7,11,35,71,24,5,6,25,10,8,6,6,13,19,5,8,12,4,26,7,7,420.34374105344324
17-09-2020,7,13,10,4,2,15,44,15,4,4,9,4,8,38,50,13,7,5,32,6,28,4,5,10,10,4,6,7,4,21,8,4,418.45351349664224
18-09-2020,8,12,3,3,0,9,45,7,2,3,10,5,14,33,56,9,5,1,24,7,15,7,9,14,10,3,4,6,5,28,9,5,417.11274544673216
19-09-2020,5,13,5,1,0,6,42,18,6,5,20,2,6,37,62,14,3,6,24,13,15,9,4,9,14,9,8,11,0,24,3,7,413.9864594813889
20-09-2020,8,11,3,2,2,16,35,14,4,3,26,7,11,27,68,19,6,6,25,7,17,4,8,18,17,8,3,9,1,22,9,7,410.742919099152
21-09-2020,12,6,3,4,0,18,38,10,6,3,8,13,13,24,59,20,7,6,31,9,11,8,7,17,10,3,9,11,3,27,7,6,405.53029795238336
22-09-2020,6,11,3,2,0,13,49,19,7,3,21,7,9,27,63,9,6,5,26,9,17,11,8,16,19,5,4,12,3,26,7,8,400.8836465540621
23-09-2020,4,11,4,3,0,6,55,10,4,5,7,15,11,24,64,17,2,2,36,6,16,8,5,10,10,8,4,10,3,23,5,8,395.75632900783916
24-09-2020,7,20,2,0,0,13,45,13,7,5,9,8,13,19,58,13,9,8,22,4,18,7,4,14,15,10,8,10,5,33,5,6,391.1606838334895
25-09-2020,5,10,3,1,2,11,45,18,2,8,11,8,13,25,53,10,4,1,35,4,20,3,11,14,7,1,3,10,2,22,7,1,386.44503053033003
26-09-2020,3,5,2,1,3,7,48,10,4,7,12,15,10,31,49,22,4,7,35,6,17,3,10,17,7,7,3,11,0,15,7,9,382.00602010957306
27-09-2020,8,12,4,1,1,8,55,12,2,6,11,12,10,21,39,11,2,5,22,9,17,8,5,13,19,8,7,7,2,15,6,6,378.44466214998266
28-09-2020,10,11,4,2,0,11,40,16,3,4,7,8,16,28,54,17,2,4,29,3,19,9,7,7,10,5,10,8,3,17,3,10,375.02705878439406
29-09-2020,7,8,5,2,0,14,56,8,8,2,14,6,12,30,41,16,2,4,29,8,16,10,4,4,11,8,5,10,2,14,8,9,372.35731671923503
30-09-2020,5,12,2,0,0,9,42,10,7,5,14,9,14,17,49,9,6,6,27,10,18,11,6,11,7,7,3,4,3,17,4,9,369.86009065378084
01-10-2020,11,6,2,0,0,17,39,12,3,7,10,13,10,34,38,15,5,4,23,8,14,7,6,11,16,7,6,8,2,14,14,3,368.381419511152
02-10-2020,1,7,0,1,0,17,53,7,5,6,15,10,10,30,56,11,6,6,32,9,9,8,6,9,11,6,4,7,4,11,6,4,366.7676299376401
03-10-2020,3,8,3,0,0,16,47,21,10,9,17,13,9,23,46,8,3,8,31,5,15,7,5,10,7,4,1,6,3,15,2,9,364.3732597371024
04-10-2020,8,7,5,1,1,7,46,7,6,3,12,5,10,16,59,15,4,4,25,8,17,6,2,9,6,6,6,10,2,21,6,7,362.37264658573844
05-10-2020,9,11,4,1,2,12,62,10,4,4,17,10,7,31,47,9,3,2,30,12,14,8,4,7,14,5,4,7,0,12,4,8,360.7508933042538
06-10-2020,5,12,2,1,3,19,49,10,8,2,11,8,12,21,46,13,4,2,29,7,15,5,7,4,15,4,4,9,3,17,10,6,362.8032391660052
07-10-2020,2,5,4,0,0,24,37,9,3,10,22,10,13,19,40,13,6,2,20,5,12,10,3,14,14,8,2,14,2,18,11,5,365.5996862110694
08-10-2020,7,8,4,1,1,19,45,12,4,5,11,14,12,29,51,7,5,1,28,4,13,8,1,14,11,1,3,12,3,14,8,1,369.96968636756577
09-10-2020,4,9,2,0,0,11,44,14,4,3,9,11,12,24,44,13,6,4,26,6,8,5,4,8,6,5,2,9,1,19,4,9,372.6914984325351
10-10-2020,6,8,2,0,0,22,52,12,5,4,10,10,10,24,63,13,5,1,27,11,11,3,8,18,13,7,3,5,2,16,5,8,374.768812295891
11-10-2020,3,8,0,0,1,24,42,12,6,7,16,9,5,21,45,14,5,6,32,6,16,5,6,17,8,8,4,9,4,11,8,5,376.73257399207677
12-10-2020,8,16,2,0,1,39,51,18,9,10,6,12,6,30,60,10,8,4,29,10,7,8,4,12,9,6,2,9,3,20,7,6,378.5903093553954
13-10-2020,8,7,1,1,0,33,43,10,3,5,14,11,10,23,38,9,3,8,31,10,12,9,9,16,11,9,3,10,4,20,4,9,383.56157208035256
14-10-2020,3,12,4,0,0,42,47,19,2,6,13,6,11,27,49,19,4,2,22,8,7,5,0,12,2,6,1,10,2,20,1,10,390.0249691020567
15-10-2020,6,7,1,2,2,28,35,19,7,10,12,14,10,27,58,9,4,4,33,5,11,10,6,11,13,8,5,8,3,13,11,4,399.9709214072768
16-10-2020,3,12,3,0,0,38,41,15,7,7,9,7,13,27,51,12,4,4,25,4,15,5,6,10,7,4,5,7,2,9,4,12,409.29268192964554
17-10-2020,13,7,3,0,1,48,44,21,7,3,12,7,8,24,52,6,2,7,32,9,8,5,3,16,11,4,3,7,1,16,10,7,419.1623361309009
18-10-2020,5,11,2,1,1,47,52,17,6,13,10,10,10,22,44,19,4,2,27,10,14,5,4,6,9,7,4,8,3,18,3,7,426.6968996679836
19-10-2020,11,11,4,1,0,54,57,18,4,7,6,9,11,30,61,22,2,6,40,3,15,9,3,14,13,12,7,6,4,13,7,12,433.876417729052
20-10-2020,11,11,0,1,0,50,46,22,4,11,15,3,12,28,49,10,1,3,42,12,16,7,3,19,14,4,5,9,5,15,5,4,440.6655947972196
21-10-2020,11,11,6,3,1,50,59,21,2,17,21,4,15,35,47,13,5,3,39,8,14,9,1,11,12,8,2,12,2,11,12,12,447.84870654463253
22-10-2020,11,9,1,1,0,45,42,22,5,7,16,6,9,39,65,10,10,5,38,7,18,12,2,19,11,10,2,9,4,11,8,9,454.34894848333687
23-10-2020,7,15,4,0,0,49,55,26,3,12,13,6,7,30,63,11,2,8,33,7,17,11,1,20,11,4,2,6,2,20,8,7,459.41649203081033
24-10-2020,10,8,2,0,0,69,42,25,7,14,14,6,6,34,56,16,7,3,20,7,10,7,7,16,7,10,2,11,3,7,6,13,463.7188023226391
25-10-2020,7,18,2,1,0,78,49,32,4,11,12,7,15,39,40,11,5,5,28,4,19,8,5,17,16,5,6,12,4,12,5,9,466.41507772462666
26-10-2020,3,16,4,0,0,62,52,35,4,17,15,6,17,25,66,14,5,3,35,5,17,7,8,11,11,15,1,11,2,13,8,12,467.3511895893377
27-10-2020,4,10,2,0,2,61,43,35,1,19,21,8,12,34,54,10,7,1,29,5,10,13,2,12,10,9,3,7,3,12,6,18,468.0881131573777
28-10-2020,5,14,0,2,0,76,61,21,2,18,18,6,7,36,49,12,3,3,38,3,13,8,1,16,12,10,2,11,1,16,9,8,470.02035780846217
29-10-2020,9,9,2,0,0,83,44,27,2,16,11,9,17,18,63,14,7,3,38,6,17,7,2,21,11,5,5,6,2,17,4,16,473.8785029021142
30-10-2020,7,8,3,1,0,70,45,30,3,20,14,5,12,27,60,8,4,5,39,7,14,6,1,15,14,9,2,9,2,11,7,12,478.1123493264535
31-10-2020,7,15,4,0,0,69,49,23,0,16,15,8,16,25,47,6,5,2,33,8,13,12,2,16,8,10,3,6,2,6,7,17,483.9398195986079
01-11-2020,6,22,2,0,0,68,58,29,2,12,14,12,13,34,53,7,2,2,27,2,15,6,3,11,18,8,0,6,2,8,4,13,489.380839374054
02-11-2020,15,23,3,0,0,82,54,38,4,15,8,2,5,35,55,14,5,1,38,8,13,9,2,19,11,7,0,3,8,13,3,18,494.1185345515896
03-11-2020,13,10,3,0,2,91,43,25,4,16,21,8,19,40,51,11,5,0,29,8,10,7,1,15,6,9,2,5,2,8,11,19,496.302650892436
04-11-2020,6,16,3,1,1,64,66,39,2,12,13,8,18,28,54,8,5,3,37,4,17,9,1,15,13,13,1,12,0,10,6,9,497.99503956017816
05-11-2020,11,18,2,0,0,78,60,47,5,18,12,5,10,24,60,8,8,2,43,4,19,12,2,12,12,6,0,7,2,14,3,18,499.64779092802775
06-11-2020,19,15,1,0,0,100,54,31,2,16,17,7,17,28,72,14,5,6,39,5,8,9,3,16,12,10,5,10,3,7,3,18,502.01912036725463
07-11-2020,12,10,2,0,2,83,56,25,2,22,19,8,12,24,66,8,1,2,27,6,15,5,0,15,8,7,1,7,1,11,3,14,505.2716577517389
08-11-2020,11,17,2,1,0,77,56,34,2,15,22,5,8,30,51,11,10,1,32,3,11,15,1,18,8,7,3,7,2,11,9,19,508.42331031455416
09-11-2020,10,13,1,2,0,76,56,53,2,13,24,7,8,35,77,10,5,1,25,10,8,13,2,17,9,9,0,5,0,13,6,11,510.5284183310958
10-11-2020,10,15,6,1,0,72,61,42,1,17,15,4,18,18,55,10,3,0,40,2,13,3,1,17,7,14,3,7,1,7,5,18,511.5935007897954
11-11-2020,13,14,4,0,0,70,52,27,3,20,20,6,14,32,73,10,4,3,30,9,10,10,1,17,14,14,1,15,0,9,3,20,513.7962974818719
12-11-2020,19,13,1,0,0,66,77,46,2,13,22,4,18,25,70,9,12,0,22,5,13,15,1,17,5,16,3,9,1,7,14,21,517.1537748601883
13-11-2020,11,16,4,1,2,66,69,47,2,11,18,3,10,23,70,10,7,4,25,7,12,10,0,19,11,13,0,9,1,15,5,16,520.4398901429631
14-11-2020,21,12,1,0,0,52,73,38,2,22,20,11,15,22,57,13,1,1,36,8,9,8,4,21,7,13,3,9,1,7,6,15,522.9631258513949
15-11-2020,23,15,3,0,0,64,64,32,1,25,24,4,15,24,60,7,6,0,29,11,18,15,3,8,5,18,3,10,0,12,1,14,525.6063816120809
16-11-2020,12,12,3,0,0,64,77,33,2,9,32,4,16,27,58,8,4,3,35,4,13,17,4,17,6,12,3,2,3,17,7,13,532.0728456890512
17-11-2020,12,14,1,1,1,79,66,41,0,13,33,7,10,31,68,7,9,1,34,12,11,14,2,27,6,20,0,8,2,18,5,15,539.2431135245644
18-11-2020,11,18,1,0,0,53,74,33,0,15,27,4,17,31,73,14,4,2,36,7,12,13,4,19,6,19,3,9,0,14,5,10,547.6349874526345
19-11-2020,9,30,2,0,0,46,71,33,2,14,25,8,19,21,67,8,1,1,28,5,16,13,2,15,9,14,1,6,1,11,8,10,552.0788130113983
20-11-2020,12,24,2,0,0,53,81,45,1,12,30,4,13,33,75,7,7,3,31,9,14,15,3,19,14,13,2,11,1,17,5,16,555.8602035338525
21-11-2020,20,22,1,0,0,55,70,38,2,19,29,4,16,27,87,8,2,5,29,3,15,19,4,14,11,16,0,10,0,9,6,16,559.2516068470578
22-11-2020,11,29,5,2,1,56,81,42,2,12,32,4,19,34,89,4,9,3,37,6,12,24,2,33,13,17,2,6,2,13,7,16,563.4112671126381
23-11-2020,11,29,1,3,0,35,91,36,1,17,42,1,19,32,60,9,3,2,25,5,18,11,4,19,15,24,0,6,2,13,8,23,567.7376496817719
24-11-2020,14,25,3,2,1,49,73,40,2,19,31,4,12,27,83,13,5,1,29,5,17,20,3,18,9,14,2,11,1,11,6,21,571.7921827448298
25-11-2020,12,21,4,0,2,35,86,32,1,20,34,4,15,28,84,9,1,1,26,15,16,12,5,9,10,19,5,6,3,15,5,15,578.4494158317654
26-11-2020,15,37,1,0,0,39,79,23,4,24,35,9,17,26,88,11,4,3,24,2,18,13,6,13,13,18,1,12,1,14,1,21,586.6635077340596
27-11-2020,8,29,0,0,0,44,89,44,2,18,39,2,25,31,95,9,3,2,28,6,22,16,3,20,10,26,6,11,1,15,5,11,594.015011230244
28-11-2020,7,24,3,0,0,33,82,47,2,14,41,2,14,35,80,7,4,4,23,6,20,14,2,18,9,16,2,18,4,7,3,22,597.7419378734602
29-11-2020,18,32,0,1,0,38,70,45,0,16,42,9,17,29,90,12,4,1,28,4,12,9,3,21,14,15,2,8,1,12,2,23,600.2231442413355
30-11-2020,18,38,5,1,0,29,97,35,1,16,48,2,14,44,84,11,9,4,29,3,21,19,2,21,13,25,4,12,3,9,9,18,603.3141006165552
01-12-2020,24,39,4,0,0,37,115,32,1,18,48,5,15,34,87,10,13,1,27,4,9,17,4,14,12,23,3,12,3,13,13,20,609.4394918832594
02-12-2020,17,28,0,0,0,36,91,27,0,11,44,7,11,35,102,8,11,2,33,5,17,20,2,13,9,25,0,12,0,20,6,19,615.5011418883236
03-12-2020,11,36,3,0,0,27,78,31,1,22,38,6,22,33,95,8,10,3,23,5,13,23,2,21,7,21,2,6,2,13,8,24,623.0783555511143
04-12-2020,11,40,5,1,0,30,98,23,0,15,32,6,29,25,92,10,6,4,29,7,14,18,1,17,5,14,6,13,3,10,10,14,629.6032560558814
05-12-2020,23,35,2,1,0,29,85,24,3,17,44,9,26,29,112,10,7,3,26,11,13,34,3,12,10,19,6,12,6,10,4,19,638.026182819218
06-12-2020,15,40,3,1,1,20,89,36,1,12,45,10,21,34,111,11,7,1,36,7,30,17,4,23,11,18,4,9,2,8,6,6,646.6676959974558
07-12-2020,10,27,3,1,0,27,128,23,1,20,37,9,20,41,116,13,10,4,20,10,23,26,2,14,5,24,2,14,1,14,10,19,656.5460022562897
08-12-2020,17,48,0,0,2,12,113,32,2,11,41,2,14,39,118,13,10,2,20,5,11,14,7,12,10,25,3,12,7,11,7,13,667.019191391152
09-12-2020,8,43,2,0,0,22,115,35,2,4,57,11,22,53,99,17,6,2,37,12,16,17,2,14,8,36,3,13,1,13,4,14,677.6263851490844
10-12-2020,11,46,3,0,0,21,126,40,1,7,46,6,24,38,128,8,4,3,21,8,10,19,1,16,7,28,5,6,5,12,5,15,688.5980288879973
11-12-2020,11,40,2,0,1,23,119,32,1,10,54,6,27,52,116,13,6,1,31,6,21,14,2,20,5,40,3,9,6,11,4,10,698.2849698784561
12-12-2020,11,35,2,1,1,14,127,21,1,17,53,7,14,58,155,13,8,1,27,5,19,19,1,23,11,25,3,7,3,17,9,17,707.1512370310221
13-12-2020,15,42,7,0,1,19,118,27,4,8,43,12,20,37,135,15,9,4,24,7,22,23,4,21,12,28,4,10,6,14,5,9,716.2629517063724
14-12-2020,13,44,1,1,3,25,135,31,3,8,58,3,22,43,144,13,9,7,15,10,21,24,3,15,11,33,4,13,4,12,8,8,725.9611855069155
15-12-2020,4,55,2,0,2,24,144,18,2,8,49,18,24,47,150,12,9,2,35,4,17,20,1,12,10,25,2,12,6,16,5,14,739.118380905635
16-12-2020,9,40,2,1,3,17,139,30,0,10,47,5,26,45,154,9,10,1,32,7,19,22,3,14,6,22,9,6,11,15,10,12,752.3611513547066
17-12-2020,8,54,1,1,3,15,147,25,0,9,40,5,21,41,147,13,8,5,21,8,24,27,5,14,6,37,6,10,3,14,7,15,767.0797656174445
18-12-2020,10,65,2,3,1,11,141,31,0,10,54,6,37,53,125,13,10,4,26,13,19,27,3,9,5,28,9,8,4,10,9,12,778.4320267889707
19-12-2020,6,56,6,2,0,22,153,19,0,8,56,7,23,62,165,11,5,5,27,11,24,23,4,13,11,29,2,12,4,18,3,12,789.2259108713748
20-12-2020,11,53,1,0,0,18,155,21,3,8,42,10,33,43,151,21,9,1,30,5,33,15,4,19,8,34,6,13,4,19,2,6,799.4160966646477
21-12-2020,13,61,8,2,3,15,150,32,1,6,56,9,25,68,183,7,7,3,24,10,36,26,1,15,10,45,5,23,11,8,7,17,811.3255129717562
22-12-2020,11,57,3,1,0,9,159,35,0,11,43,8,25,52,165,24,8,3,30,4,35,10,0,22,8,32,6,19,4,11,3,12,826.5257101313733
23-12-2020,4,53,3,1,1,14,159,24,1,9,58,6,26,60,161,13,8,4,43,11,28,17,1,18,12,31,8,11,8,17,3,9,844.2341271972991
24-12-2020,5,57,5,0,0,15,163,25,3,7,64,4,37,50,144,22,16,5,31,9,28,20,6,23,10,33,4,15,5,17,7,13,863.2420924723498
25-12-2020,11,56,3,0,1,21,142,33,1,10,52,8,22,63,157,20,9,6,31,6,33,25,3,17,4,34,8,15,13,16,3,13,878.4917490843412
26-12-2020,10,60,9,1,0,24,184,23,4,11,64,6,27,52,179,12,12,3,30,14,27,18,1,9,12,33,10,10,13,14,4,5,891.1739173660736
27-12-2020,8,50,5,1,1,14,192,27,1,1,49,8,35,57,180,16,13,2,42,7,35,24,2,20,8,43,9,17,13,18,7,11,902.2454960616037
28-12-2020,10,58,4,1,3,22,177,27,1,5,54,8,33,52,192,30,13,1,47,13,35,16,9,19,13,37,8,15,8,30,10,14,917.001563685179
29-12-2020,10,61,3,2,2,11,190,22,2,9,90,8,35,63,192,19,17,1,41,8,34,15,5,17,12,35,11,8,8,24,7,9,934.9795787545972
30-12-2020,11,48,6,3,4,19,193,22,0,14,68,8,24,57,189,15,16,2,41,19,30,25,6,23,9,30,5,10,10,20,8,11,955.9022156519144
31-12-2020,7,47,3,0,4,8,167,27,0,13,55,6,38,45,171,14,20,7,40,13,38,26,3,22,15,37,8,12,8,19,5,8,979.417819971501
01-01-2021,4,67,3,0,4,17,177,39,4,8,54,5,28,81,191,29,13,5,34,7,39,24,10,22,9,33,9,22,8,20,8,13,1000.640677745284
02-01-2021,5,40,1,0,4,11,205,35,3,8,50,12,32,70,187,25,16,5,41,16,48,22,10,17,13,35,8,16,12,30,3,13,1023.725526373703
03-01-2021,9,42,10,1,2,14,215,32,2,13,62,10,36,73,193,38,14,3,46,13,46,33,4,10,10,30,10,15,14,18,7,12,1043.0351278679848
04-01-2021,5,48,7,0,3,19,210,34,6,7,83,10,34,58,221,31,22,9,56,20,57,27,4,14,12,40,3,12,13,21,7,19,1066.0769897779574
05-01-2021,7,57,5,3,1,19,194,26,3,10,66,18,47,59,229,15,13,6,46,11,35,33,7,22,16,37,3,20,11,31,8,11,1089.4140460774886
06-01-2021,8,63,8,1,2,15,213,32,4,5,80,14,38,105,188,30,17,10,57,18,65,24,6,16,17,30,8,16,16,32,8,14,1115.9525267940019
07-01-2021,8,51,11,1,10,10,179,21,2,5,79,12,41,85,205,25,12,7,44,10,55,27,6,24,16,28,11,17,18,27,5,12,1141.65437811287
08-01-2021,6,48,5,1,7,17,196,32,6,14,77,8,43,113,223,30,24,8,49,19,70,35,9,18,15,24,11,19,22,31,5,12,1163.4845567061056
09-01-2021,6,43,4,0,3,15,198,37,4,9,91,9,41,108,202,25,14,5,44,14,64,34,6,27,14,29,7,19,17,29,10,15,1184.0585239444024
10-01-2021,10,48,6,4,3,17,218,38,1,8,94,18,30,110,203,34,16,5,53,15,77,30,4,27,14,33,6,24,16,38,6,9,1202.8281536087154
11-01-2021,16,37,8,1,2,19,238,41,2,9,104,14,53,90,238,34,26,11,50,16,69,22,9,31,19,38,14,22,21,38,8,15,1224.2818038819435
12-01-2021,10,42,9,0,7,13,210,31,4,12,86,11,35,99,228,46,15,11,57,19,69,27,2,30,23,36,14,21,16,39,8,8,1246.4267117384763
13-01-2021,8,47,4,3,3,23,202,24,5,9,91,19,46,93,228,43,24,5,68,19,55,21,7,31,11,39,12,23,25,41,5,13,1272.4084126747766
14-01-2021,9,38,7,3,7,21,221,53,3,12,95,17,43,96,219,36,23,6,65,19,65,36,2,27,22,20,11,24,20,33,8,10,1299.8979654060815
15-01-2021,12,46,12,2,3,18,223,30,4,6,84,18,53,109,235,42,21,17,56,11,72,28,5,29,17,28,12,32,18,45,7,21,1327.304861079795
16-01-2021,12,36,10,3,3,11,208,35,3,13,81,25,55,99,226,44,28,20,56,17,75,35,10,45,17,33,4,20,16,42,3,9,1350.3596717384492
17-01-2021,15,35,5,3,4,10,228,35,5,15,121,14,48,125,243,40,23,10,79,22,78,30,8,36,23,47,8,26,12,40,1,13,1365.42468670602
18-01-2021,6,48,6,4,9,18,225,58,5,12,99,18,44,133,226,38,30,13,74,15,75,36,12,26,16,40,10,21,19,39,16,18,1375.0601057524127
19-01-2021,15,40,13,2,12,20,253,39,11,11,94,24,40,117,253,45,25,12,78,22,76,34,4,39,21,37,9,22,12,49,8,10,1382.8019614848151
20-01-2021,14,44,11,0,6,8,243,46,3,7,112,23,49,123,263,61,26,12,81,12,83,39,9,38,21,29,8,22,27,53,12,10,1392.0818018159307
21-01-2021,10,48,7,3,7,13,223,29,5,9,90,20,45,116,240,61,32,12,83,25,89,32,8,43,23,29,15,20,21,59,9,9,1398.3084997492642
22-01-2021,12,33,16,1,4,5,227,44,6,10,95,28,53,110,241,61,28,16,62,22,75,31,1,19,21,24,14,24,20,64,13,15,1395.8120019279675
23-01-2021,11,24,5,3,6,13,223,31,3,12,110,17,49,111,257,49,33,19,52,27,82,33,3,28,22,23,8,21,20,38,9,12,1384.0001321075426
24-01-2021,11,41,10,2,8,9,240,34,6,6,106,32,53,127,224,59,32,18,74,19,70,28,9,32,23,28,8,23,18,46,8,19,1366.0308102728043
25-01-2021,18,36,7,0,4,18,261,52,4,8,100,21,46,109,231,54,41,20,86,27,68,30,11,38,31,25,8,22,17,60,9,16,1345.4333369825506
26-01-2021,14,27,10,1,13,11,270,40,7,11,115,30,44,96,225,62,37,12,67,15,62,25,6,37,33,18,14,23,19,51,12,12,1326.4834852991255
27-01-2021,12,33,4,2,8,17,212,23,5,15,105,29,45,106,211,59,25,17,68,21,75,24,5,34,17,27,10,17,22,50,12,15,1309.9984370332716
28-01-2021,14,20,6,2,7,13,198,25,6,9,81,25,36,100,211,57,30,8,79,26,68,30,7,37,30,26,9,16,15,35,11,12,1297.0202293209356
29-01-2021,14,35,14,4,7,14,200,33,6,11,73,22,36,122,224,48,28,15,42,13,70,34,8,28,29,23,7,23,10,34,8,12,1280.1860735724351
30-01-2021,15,30,5,2,4,12,217,30,6,8,84,23,45,109,210,44,21,13,45,10,64,34,8,34,24,17,13,21,17,50,12,12,1257.3358843221374
31-01-2021,8,23,6,2,4,12,206,17,2,11,81,28,39,84,223,45,18,11,55,14,55,31,6,32,30,23,10,17,13,56,9,10,1228.9134471025327
01-02-2021,21,29,13,1,5,9,220,27,4,4,103,19,39,91,227,44,33,11,70,24,74,37,6,48,21,24,7,10,17,35,10,13,1197.5271050324939
02-02-2021,16,30,8,2,2,16,189,33,5,4,76,23,47,100,211,55,19,20,56,24,67,29,10,34,16,33,10,25,14,59,8,23,1168.4481918151866
03-02-2021,5,24,16,1,6,16,202,18,6,11,74,29,44,86,205,39,21,10,56,15,67,30,8,27,21,26,6,17,13,46,8,19,1139.5253027425772
04-02-2021,17,17,10,4,3,11,156,25,9,10,79,19,34,83,173,46,26,14,58,15,58,27,2,29,10,29,6,28,26,47,8,12,1112.6362947132945
05-02-2021,16,23,9,1,1,12,159,22,6,8,77,17,45,71,163,46,19,18,61,19,61,23,7,35,16,13,8,9,11,46,15,12,1083.0875469793075
06-02-2021,17,23,11,4,2,15,161,30,8,2,74,15,38,64,167,40,21,13,46,19,67,26,9,32,18,15,2,17,13,51,14,16,1052.4164055669617
07-02-2021,9,16,6,3,3,9,167,11,7,10,70,25,31,68,174,32,21,6,45,16,53,28,5,18,15,18,9,23,9,42,7,12,1020.0367620505075
08-02-2021,8,22,7,0,5,15,167,14,4,11,63,24,41,85,185,56,24,13,44,14,55,13,12,29,22,16,12,18,17,43,15,18,986.1524831720977
09-02-2021,10,21,10,3,0,7,163,21,2,9,62,16,28,76,161,29,26,13,43,20,60,25,4,27,24,10,7,12,11,49,14,9,952.7593806439801
10-02-2021,16,23,5,5,2,8,142,18,6,7,61,10,38,71,128,32,15,12,31,14,61,23,12,19,15,17,8,12,14,40,11,12,922.3360249375864
11-02-2021,12,25,5,5,1,9,123,23,6,7,59,24,32,60,174,31,30,7,41,20,62,18,7,27,20,9,5,10,10,43,8,11,895.7466576053067
12-02-2021,4,19,7,0,2,14,135,17,8,8,58,23,27,66,152,20,22,4,35,13,53,20,6,24,18,22,2,10,7,39,13,9,869.9528498009073
13-02-2021,9,13,6,2,5,8,143,9,4,3,52,17,20,57,118,25,16,8,28,20,52,20,4,20,17,13,8,17,6,39,6,6,844.732994731069
14-02-2021,9,12,7,1,2,9,144,17,6,8,39,19,25,50,134,36,17,6,27,16,46,19,4,21,18,13,9,10,11,33,10,12,817.8351261489738
15-02-2021,11,13,4,1,3,6,113,13,6,4,54,23,27,46,165,27,13,14,29,14,51,15,8,13,17,10,11,18,12,41,11,11,794.4705986250956
16-02-2021,8,18,6,4,3,8,154,17,4,6,35,22,22,55,125,27,19,9,41,12,53,10,4,23,12,14,3,11,12,30,8,7,773.1243230249896
17-02-2021,4,11,5,2,1,17,139,12,2,3,41,12,25,54,119,29,17,5,49,22,51,18,8,14,8,12,1,16,8,34,12,7,756.4491217018149
18-02-2021,10,13,5,4,1,12,107,9,12,7,38,14,18,54,111,18,17,5,31,15,49,17,4,14,20,9,2,16,8,28,11,8,738.7649661732681
19-02-2021,10,6,8,4,4,2,119,12,5,3,40,23,17,41,121,27,23,1,42,20,61,20,9,15,20,8,4,14,6,25,9,10,718.4596700040215
20-02-2021,9,12,6,2,1,4,106,5,0,5,27,13,22,37,126,23,18,3,27,14,43,9,7,20,9,10,4,8,6,27,11,6,697.1742386805063
21-02-2021,5,8,6,0,2,13,128,12,5,11,33,16,19,45,135,26,20,8,29,18,43,19,3,16,15,13,5,12,9,29,10,8,676.7980635045132
22-02-2021,8,15,4,2,1,11,131,16,5,6,45,19,21,44,120,27,13,3,32,21,42,21,6,21,8,10,7,11,10,31,12,9,659.6603506286533
23-02-2021,6,7,9,0,2,8,99,8,9,2,33,17,17,44,90,14,13,7,30,15,53,23,2,17,13,10,5,6,9,25,10,8,645.0579785788369
24-02-2021,5,10,2,1,0,8,117,10,7,6,30,18,14,36,99,19,17,10,25,11,37,12,2,17,17,7,5,5,7,33,8,7,632.6037003523203
25-02-2021,6,12,4,2,1,11,105,9,1,5,23,8,17,42,85,24,15,3,28,15,44,19,1,19,11,8,5,5,4,37,12,8,620.0634260278613
26-02-2021,4,8,3,2,0,15,105,9,3,5,22,14,16,31,96,13,21,6,26,15,43,19,3,9,17,7,6,5,8,23,15,5,606.3952829006316
27-02-2021,8,5,3,2,2,9,94,11,4,5,28,9,10,38,92,16,29,2,25,15,60,17,2,13,20,8,8,9,7,19,13,5,591.8662606705257
28-02-2021,8,7,3,2,3,9,118,9,5,3,30,18,23,28,96,18,22,4,30,12,43,11,4,19,8,10,5,8,7,20,9,5,577.8275025385716
01-03-2021,6,6,8,1,2,13,102,12,2,3,30,9,12,31,104,18,18,3,23,14,51,15,1,18,13,11,5,2,12,24,8,7,564.3321130410526
02-03-2021,1,9,4,2,3,8,107,4,4,6,40,9,11,25,89,25,21,4,15,10,51,15,2,11,14,8,5,11,6,28,11,8,552.1342802781177
03-03-2021,4,7,2,2,1,8,93,4,0,4,27,15,17,26,89,12,16,6,16,11,35,26,3,9,19,9,3,5,4,20,13,8,541.030190509278
04-03-2021,6,7,0,0,2,16,105,10,3,4,20,15,11,29,96,25,11,2,8,10,47,9,0,7,10,4,5,4,9,17,16,8,533.0152829923267
05-03-2021,6,4,0,0,2,13,111,4,3,6,27,6,20,27,88,18,18,3,23,16,33,12,2,11,10,4,6,7,8,19,7,9,525.9539080394535
06-03-2021,6,5,2,1,1,8,89,8,2,2,28,12,5,22,91,22,19,3,12,15,35,17,4,13,5,1,9,4,6,23,14,3,519.3339540285218
07-03-2021,5,7,2,3,0,8,81,10,2,3,20,13,13,25,88,16,18,6,30,15,27,15,4,5,20,4,3,3,10,16,15,2,509.5545005992888
08-03-2021,5,8,1,3,1,8,104,4,1,3,12,16,14,28,90,22,21,6,16,18,34,20,2,12,10,6,8,7,5,16,13,7,498.79516865628017
09-03-2021,3,7,5,3,2,15,95,8,7,1,23,9,21,23,66,7,18,0,13,13,38,15,3,16,8,5,1,6,4,24,7,2,488.11273861501286
10-03-2021,6,7,3,3,2,10,98,4,3,1,22,10,7,34,103,22,17,5,14,13,55,17,2,13,13,3,3,3,3,27,8,8,477.8811045398702
11-03-2021,7,3,1,3,1,7,103,8,1,3,22,11,9,30,83,17,14,6,21,8,36,29,3,5,9,6,5,7,4,15,12,4,466.87443744200056
12-03-2021,3,2,3,1,3,11,67,5,3,6,17,15,7,25,59,13,14,3,10,15,28,27,3,12,12,4,5,5,3,15,12,6,454.9023423387991
13-03-2021,4,3,0,2,1,11,95,5,1,4,25,5,10,19,59,15,21,2,15,13,38,22,4,6,11,2,5,2,6,16,9,4,443.5215253213725
14-03-2021,3,6,3,0,0,11,93,3,2,5,26,9,16,20,79,17,22,4,17,13,35,12,1,12,10,2,4,7,3,19,9,3,431.9795690138153
15-03-2021,6,3,3,2,2,7,76,6,1,1,13,14,6,20,70,11,19,2,15,15,34,23,2,15,5,2,2,9,2,16,8,5,421.6115769463366
16-03-2021,1,2,4,3,2,12,67,7,2,2,16,11,13,22,70,15,15,3,15,9,32,11,4,5,13,1,3,4,5,16,4,6,411.4442341467073
17-03-2021,3,10,5,0,2,9,68,7,0,3,10,11,10,14,73,15,18,0,14,12,29,18,3,14,14,4,4,7,5,15,9,1,404.5169485617951
18-03-2021,1,10,2,2,0,11,51,3,0,10,12,13,6,14,67,11,24,3,17,13,33,10,2,10,9,6,1,3,6,12,12,2,397.8422674387694
19-03-2021,2,5,2,1,1,7,89,6,4,4,13,8,14,8,66,5,15,1,11,12,25,16,1,6,11,7,4,9,6,11,12,5,391.10890529789003
20-03-2021,4,4,1,1,0,10,63,4,2,3,12,8,14,21,56,7,15,0,9,13,22,11,4,9,9,4,3,8,5,16,6,10,380.7557184909024
21-03-2021,5,7,0,1,2,6,62,3,3,2,16,9,7,12,71,14,28,3,10,15,27,10,3,7,9,5,2,7,6,18,7,6,369.2677323230605
22-03-2021,4,3,5,2,3,12,66,4,1,6,11,2,4,13,74,21,9,1,6,13,17,12,0,4,13,3,10,7,4,23,8,3,359.3502725185819
23-03-2021,2,3,0,2,2,11,76,5,0,3,12,10,11,13,65,9,21,3,10,16,30,17,2,12,9,5,6,5,10,23,8,2,353.03270309312967
24-03-2021,1,3,3,1,0,2,77,1,0,2,11,7,7,15,60,20,19,2,11,6,31,10,4,7,5,6,5,4,3,11,8,4,349.099875681814
25-03-2021,2,5,3,1,2,16,64,2,3,1,9,7,3,11,39,15,12,1,6,7,27,11,5,8,12,3,3,2,2,13,7,0,345.1843730039761
26-03-2021,3,2,2,2,3,6,44,2,1,4,9,6,5,12,56,8,12,2,10,7,27,8,4,6,8,4,5,3,4,10,10,5,340.5915594107276
27-03-2021,1,4,1,1,0,6,64,3,1,3,9,3,10,28,50,7,15,0,6,6,30,13,2,12,3,8,3,6,4,12,7,3,335.7238662819721
28-03-2021,2,0,1,0,1,12,67,3,1,3,16,9,9,19,64,11,14,0,7,7,34,8,3,7,10,8,5,7,5,9,9,7,330.78672147753184
29-03-2021,3,9,2,1,1,13,63,2,2,8,11,11,12,9,53,12,6,3,14,10,23,8,2,12,10,2,0,6,1,20,11,0,325.54258909640737
30-03-2021,2,1,2,1,2,16,53,5,0,5,10,10,4,12,53,12,11,1,6,13,36,12,6,7,7,10,3,3,1,8,8,2,320.5600102307642
31-03-2021,3,3,0,1,0,8,43,3,0,2,14,11,8,11,70,13,14,4,2,7,33,10,2,5,12,3,4,5,2,11,11,5,315.25046463704507
01-04-2021,8,4,0,2,1,11,53,2,0,1,11,4,6,13,60,10,17,2,2,6,34,5,2,4,6,4,4,5,2,9,11,3,311.8108922983265
02-04-2021,2,3,2,1,2,17,52,4,1,4,3,6,11,14,58,13,8,3,7,7,24,12,3,7,14,5,2,2,2,9,9,3,308.2544678991333
03-04-2021,2,4,4,1,1,16,58,3,2,4,11,3,13,16,47,12,17,0,7,8,27,6,3,4,7,4,3,4,1,11,4,3,305.9979485021945
04-04-2021,6,5,1,0,1,22,48,2,1,2,11,9,8,12,49,7,10,1,6,5,18,5,2,4,7,1,4,4,2,9,7,3,302.65192912308316
05-04-2021,3,5,6,2,2,14,40,6,1,3,11,10,10,13,49,12,9,0,7,6,32,11,6,3,11,7,7,3,4,8,13,1,299.21810126646216
06-04-2021,3,3,4,2,1,16,39,4,0,7,10,8,7,7,38,14,9,0,10,8,23,4,0,5,7,6,3,5,3,18,11,4,294.9758963233974
07-04-2021,4,3,0,1,1,14,50,2,1,2,14,3,9,21,60,6,11,1,4,5,32,7,4,4,7,6,6,5,3,17,9,0,291.42543020665295
08-04-2021,3,3,0,2,1,21,48,1,0,5,9,5,3,17,41,8,16,0,7,6,22,8,3,4,9,9,4,2,8,11,12,5,288.4670800674738
09-04-2021,4,6,3,3,6,18,39,3,1,4,9,3,3,12,48,5,10,0,7,9,19,7,4,9,7,3,4,5,5,14,11,2,286.9468762713638
10-04-2021,3,6,0,1,1,12,32,0,0,2,14,8,6,3,43,16,11,4,5,7,28,12,5,7,9,8,3,2,3,13,10,5,284.63163548441406
11-04-2021,3,3,2,2,2,16,44,0,1,2,10,9,6,7,44,7,21,2,8,3,14,8,5,4,16,6,0,3,3,9,9,4,282.28388558165256
12-04-2021,3,4,1,0,1,13,49,2,2,1,6,8,10,20,38,10,9,4,8,3,22,3,1,2,9,2,7,3,3,9,7,1,277.4332050856361
13-04-2021,5,4,3,2,2,18,43,3,2,4,8,13,5,14,49,9,10,1,6,3,20,7,8,5,12,7,5,7,4,11,6,2,272.01214828095164
14-04-2021,2,2,1,2,0,13,41,3,0,1,12,10,3,20,43,10,10,2,5,2,32,9,8,3,8,5,4,6,1,10,6,1,265.65261533518054
15-04-2021,9,6,3,1,1,23,38,4,0,1,8,6,15,8,46,10,9,1,12,4,16,9,3,6,9,4,3,4,4,7,10,3,260.6176461662179
16-04-2021,6,3,5,2,0,21,31,1,1,5,10,6,5,11,38,7,9,3,6,10,18,10,4,5,7,2,4,5,2,9,7,1,255.58924954406916
17-04-2021,5,3,6,0,1,18,43,2,0,3,5,8,11,12,42,7,6,1,4,11,20,7,1,4,8,4,4,11,3,8,4,2,249.86679208647925
18-04-2021,6,2,0,0,0,19,31,0,3,4,5,5,5,8,32,5,6,2,3,4,21,5,2,3,10,3,1,1,4,6,14,2,243.37901011198915
19-04-2021,5,5,1,5,1,19,31,1,2,5,2,8,9,11,38,7,5,1,4,8,19,6,3,5,7,5,1,2,0,8,7,3,237.0223614523852
20-04-2021,10,9,0,0,1,10,28,3,1,1,8,9,9,14,47,11,7,1,5,4,26,6,7,2,4,11,3,3,3,8,4,0,231.7624920340409
21-04-2021,3,4,3,1,1,12,36,3,0,3,7,7,8,11,38,7,7,2,3,5,14,4,3,4,5,6,5,5,5,12,7,0,226.9385961108563
22-04-2021,3,2,3,2,0,18,39,0,0,0,3,4,5,6,26,6,8,2,9,5,15,6,4,1,6,2,4,4,2,8,9,4,222.8170643382106
23-04-2021,1,5,3,0,2,12,30,5,0,2,3,6,7,10,22,5,11,2,6,11,26,4,5,2,3,5,2,3,0,6,9,1,218.9739542486317
24-04-2021,2,2,2,0,1,14,24,1,2,3,3,2,3,13,40,9,7,1,4,4,23,8,3,1,7,2,3,2,2,11,8,4,214.75971974148828
25-04-2021,5,4,1,0,0,10,24,0,2,1,7,7,7,9,34,9,12,0,6,6,11,5,2,2,5,4,4,6,1,11,4,2,210.0732678656077
26-04-2021,3,1,0,1,2,15,32,2,0,2,6,8,5,11,33,5,12,1,6,4,20,3,3,5,6,1,5,6,0,8,9,3,204.74679990998877
27-04-2021,4,3,5,0,0,15,23,0,2,3,4,2,7,9,28,8,7,1,1,6,19,8,3,5,9,4,5,3,2,9,3,1,200.19083764786834
28-04-2021,2,1,1,0,0,17,30,1,1,0,2,2,6,5,41,7,7,2,6,8,15,5,3,3,6,5,4,4,1,7,6,1,195.58870548278983
29-04-2021,3,1,2,2,0,16,24,5,0,2,4,4,7,9,21,15,6,1,11,1,22,6,4,3,4,1,3,7,4,12,9,2,191.21995782476347
30-04-2021,1,4,3,0,0,10,22,1,0,0,1,4,1,5,24,9,6,2,6,2,15,6,7,3,6,3,5,0,2,7,4,2,186.5243604301073
01-05-2021,5,3,0,1,0,9,24,1,0,1,1,9,6,5,25,3,11,1,7,9,21,0,5,3,3,5,3,2,0,6,7,2,181.65165376201094
02-05-2021,4,4,3,1,0,20,16,4,2,1,6,5,1,9,23,10,6,2,10,1,16,8,6,2,4,5,2,4,2,8,7,0,175.83035545746807
03-05-2021,1,3,2,3,1,11,22,2,0,3,5,6,5,8,16,6,11,0,6,4,15,3,4,1,2,4,4,4,1,10,6,1,169.87077608569643
04-05-2021,0,3,2,0,5,12,13,1,1,5,3,2,3,7,16,3,8,2,5,6,12,2,6,6,5,6,3,6,2,6,5,2,165.1249460627216
05-05-2021,4,4,0,1,3,11,17,0,0,5,1,3,3,13,20,9,5,2,6,6,15,1,5,4,11,3,4,3,1,4,11,3,161.55993900830526
06-05-2021,1,6,3,0,1,13,13,1,0,0,5,5,4,4,14,4,6,3,2,5,19,4,3,4,7,4,3,3,1,6,6,4,158.56896392555643
07-05-2021,1,6,0,0,1,14,17,1,1,0,1,2,3,4,13,9,3,4,5,4,6,7,3,2,5,2,3,4,2,5,5,1,154.09199066364485
08-05-2021,2,4,1,2,1,5,11,3,0,0,2,2,5,5,17,9,3,0,2,2,16,6,5,2,5,0,4,7,1,6,5,1,149.8337537614135
09-05-2021,4,4,0,3,2,8,19,3,0,1,4,5,1,7,21,8,9,3,4,4,10,8,4,1,6,0,2,2,2,1,4,1,144.71961379046013
10-05-2021,0,6,3,1,1,7,24,2,2,4,3,3,2,10,14,5,6,0,9,3,14,4,7,5,3,1,2,4,5,11,4,2,140.74374576781995
11-05-2021,0,3,3,1,0,10,7,1,0,2,3,4,6,1,16,7,2,2,5,2,14,5,12,0,2,3,2,3,1,7,4,0,136.9223444353523
12-05-2021,5,3,3,0,0,10,18,2,0,1,3,3,3,6,22,4,9,0,2,3,10,0,6,3,7,1,1,4,0,4,5,1,134.75531300104896
13-05-2021,1,2,2,2,0,7,9,2,0,5,3,3,1,5,15,3,3,1,2,1,8,3,5,3,5,1,3,5,3,4,4,1,132.99246285893915
14-05-2021,1,3,2,0,1,8,17,1,1,2,2,2,5,6,20,4,4,1,3,4,8,7,4,0,3,1,1,6,1,6,7,1,130.97047841740383
15-05-2021,0,2,1,1,3,7,12,2,1,2,1,2,2,2,11,5,2,2,7,2,10,4,3,0,3,5,4,5,0,3,5,1,127.97616177320857
16-05-2021,2,3,3,2,1,6,13,0,0,3,2,3,0,2,14,4,6,0,6,3,6,1,7,3,7,1,5,12,0,4,5,2,123.84609607826849
17-05-2021,0,9,3,2,0,6,11,1,2,1,4,5,2,14,15,5,5,0,11,2,10,1,3,4,4,3,3,4,2,0,1,0,120.33848215567464
18-05-2021,1,5,6,1,1,5,17,0,1,3,2,2,4,6,15,2,5,0,6,1,9,4,7,1,2,2,5,6,1,3,10,0,117.42996629138877
19-05-2021,1,4,3,1,2,8,9,2,0,0,3,2,2,4,15,2,3,1,6,4,6,1,7,1,4,4,5,6,0,4,6,2,116.29116541606663
20-05-2021,2,1,2,0,1,4,7,1,0,1,2,4,3,5,12,1,3,1,5,3,8,0,4,2,4,3,4,7,0,7,5,0,114.86520404322766
21-05-2021,0,2,1,1,1,5,8,1,1,1,0,4,2,3,15,3,2,1,4,7,7,1,8,2,3,0,2,9,0,3,6,2,113.61669807257177
22-05-2021,2,2,4,0,0,5,11,0,0,0,2,0,0,0,9,2,0,0,7,1,4,0,6,1,6,2,4,8,0,2,7,1,111.77823100675687
23-05-2021,4,9,7,1,0,9,7,1,1,0,0,1,1,1,9,6,3,0,6,3,5,4,15,2,4,2,3,7,1,5,7,1,110.21396056458325
24-05-2021,1,1,0,1,2,7,11,3,3,0,1,4,2,3,13,5,1,2,5,1,10,0,5,0,3,4,4,10,1,7,5,0,108.38019831449547
25-05-2021,1,2,2,0,1,8,10,3,0,0,2,3,3,6,14,5,0,3,7,2,7,0,8,0,2,3,0,8,0,5,5,2,106.88407189810259
26-05-2021,2,2,3,2,0,4,6,0,0,0,1,3,1,7,12,3,0,2,1,2,10,0,8,3,1,2,4,10,0,3,6,0,105.652704352052
27-05-2021,0,3,2,0,0,2,9,2,0,0,2,1,1,5,16,4,4,0,4,3,8,2,3,3,1,0,3,12,1,7,8,2,104.7928940130242
28-05-2021,0,4,1,0,1,5,6,0,1,1,1,3,2,3,16,4,3,4,1,3,3,2,9,2,4,1,2,7,0,6,6,1,102.78301244251328
29-05-2021,0,5,2,0,0,7,5,1,1,3,2,5,1,3,13,1,3,1,3,2,11,0,2,3,4,1,4,3,0,6,4,0,100.27829039127954
30-05-2021,1,4,1,0,0,4,4,1,1,0,2,5,2,4,10,5,2,0,4,3,8,0,9,1,5,2,1,2,0,7,6,2,97.74375295906627
31-05-2021,0,2,0,2,1,5,6,2,0,1,4,6,1,5,8,3,1,1,4,0,6,2,13,1,3,5,4,6,0,9,7,4,96.42356087768678
01-06-2021,1,3,4,2,0,4,6,1,0,4,1,1,2,1,7,3,2,1,2,3,7,2,9,2,3,2,5,7,0,7,5,1,96.06831631358682
02-06-2021,2,3,1,0,1,2,3,2,0,3,1,2,1,6,11,2,3,2,5,0,6,2,4,2,1,4,3,4,1,8,7,1,96.2422973593436
03-06-2021,2,1,4,0,0,6,7,0,1,0,0,1,2,2,4,2,1,0,2,0,6,1,4,0,3,3,0,8,1,6,2,0,96.9256612343382
04-06-2021,4,1,1,0,0,6,6,1,0,1,0,2,3,3,5,5,0,3,5,0,7,1,8,1,5,1,2,5,0,3,9,2,97.23388583217316
05-06-2021,1,6,2,2,0,4,5,1,1,0,1,2,0,1,9,3,1,2,0,2,5,1,9,2,8,6,2,8,2,5,13,1,97.73933481950094
06-06-2021,0,1,2,4,0,5,5,0,1,0,2,1,1,2,7,2,3,2,4,3,4,0,7,0,4,5,4,7,1,2,10,0,97.53928579856687
07-06-2021,1,1,0,3,0,4,4,1,1,2,0,4,3,4,6,3,3,0,7,4,6,0,11,1,5,3,5,8,0,7,7,1,97.35036322732655
08-06-2021,1,3,0,0,0,6,13,1,0,3,1,1,2,3,7,2,1,0,1,3,6,1,6,0,9,6,1,10,0,5,15,1,96.4092937050729
09-06-2021,0,5,4,3,0,5,5,0,0,1,0,3,0,4,10,1,1,2,9,0,1,1,12,1,2,2,3,4,1,5,11,0,96.18185946083189
10-06-2021,0,5,2,4,0,2,3,0,0,0,1,1,3,3,9,2,2,0,6,4,0,4,7,0,1,2,2,6,0,7,12,0,96.63493788033816
11-06-2021,1,4,6,0,0,4,8,4,1,2,2,2,2,1,11,1,2,2,3,2,6,1,11,1,4,3,4,8,0,9,12,0,97.74565693292566
12-06-2021,1,1,4,0,0,4,6,0,1,0,1,3,2,5,7,4,1,0,2,2,5,2,7,0,2,1,7,7,0,3,1,0,98.81341391996409
13-06-2021,2,3,2,4,1,1,3,1,0,1,0,2,1,3,7,4,3,0,2,1,7,1,7,1,3,4,5,4,0,2,10,0,99.46105675236568
14-06-2021,1,2,6,3,1,5,10,0,1,0,1,6,0,0,7,3,3,1,3,2,4,1,9,0,3,4,2,11,0,4,11,1,100.50719381137496
15-06-2021,3,2,2,0,1,3,6,0,1,2,2,3,2,3,6,1,0,3,3,2,9,0,6,0,3,10,2,6,0,4,18,1,101.96120508866328
16-06-2021,0,4,6,2,2,4,11,1,0,0,0,3,3,1,7,2,0,3,6,0,7,0,7,2,3,5,2,7,0,7,8,1,104.08771297240719
17-06-2021,0,6,6,3,1,1,12,1,0,1,1,0,1,2,8,1,1,1,5,0,5,0,11,0,3,1,6,9,0,4,17,0,105.69283596466613
18-06-2021,0,3,6,4,2,7,6,2,0,1,1,0,0,3,13,3,1,0,1,1,9,0,10,1,3,1,3,9,0,4,8,0,106.4620504527857
19-06-2021,0,1,4,3,0,6,3,0,0,0,1,0,1,1,8,3,0,1,1,6,3,0,10,1,4,3,4,9,1,2,19,0,106.82455197577008
20-06-2021,1,3,6,5,1,2,5,3,0,1,0,3,1,8,6,1,1,1,0,2,3,0,16,0,8,4,4,10,0,11,18,1,107.33924431751727
21-06-2021,0,3,14,5,5,1,9,0,0,1,0,0,0,0,6,4,0,0,3,2,5,0,4,2,11,1,5,7,0,7,24,0,108.59851025400162
22-06-2021,0,4,4,3,0,3,11,0,2,0,0,1,3,3,8,1,1,0,3,3,5,0,10,0,4,4,3,8,0,3,20,0,110.42499427884205
23-06-2021,0,7,6,5,1,3,12,1,2,0,0,1,2,3,5,0,0,1,3,2,1,2,7,1,6,5,4,10,0,8,8,1,112.91626095882633
24-06-2021,0,3,8,1,2,2,5,4,1,0,1,2,0,3,11,6,0,2,2,2,1,1,11,0,4,2,7,8,0,4,8,0,115.90350788211992
25-06-2021,1,4,11,5,0,2,4,2,1,0,1,0,1,0,12,0,1,0,3,4,2,0,13,1,5,8,3,9,0,6,15,1,119.27423157078165
26-06-2021,1,1,10,4,0,3,10,1,2,1,0,5,1,4,5,1,2,0,4,2,7,0,5,4,7,5,7,5,0,3,17,0,122.93279798552544
27-06-2021,0,3,15,8,0,0,13,4,1,2,0,2,1,2,9,0,1,0,3,1,2,0,7,1,8,2,8,4,0,7,17,0,126.1124422288316
28-06-2021,0,4,12,6,2,1,6,1,3,0,2,1,0,4,9,5,1,0,3,3,2,1,7,1,13,3,4,13,0,10,17,0,129.06623223477004
29-06-2021,0,4,17,4,0,1,8,0,0,0,2,0,0,4,9,0,1,0,4,5,5,0,7,0,5,7,5,16,0,10,17,0,131.85593499317307
30-06-2021,0,0,13,3,3,3,16,1,0,1,0,1,1,2,8,4,0,3,3,5,2,0,7,2,10,4,8,10,0,8,18,0,136.1909397724612
01-07-2021,0,3,14,4,3,0,19,2,0,1,0,0,1,8,11,6,2,1,4,4,3,0,3,1,6,11,3,9,1,15,15,0,140.9692147309392
02-07-2021,0,2,18,1,1,4,9,2,1,0,1,2,0,2,9,0,0,0,3,3,1,0,14,2,15,12,6,6,0,14,14,0,146.27594125146047
03-07-2021,0,0,14,4,1,3,11,3,0,0,0,1,3,2,10,2,1,5,0,1,2,0,4,0,11,5,4,9,0,13,16,0,150.1408150862383
04-07-2021,0,3,12,8,2,1,23,2,1,2,0,3,4,8,10,0,2,1,0,1,7,0,11,0,11,7,7,7,0,9,17,1,153.44628779366158
05-07-2021,1,8,19,3,3,0,21,0,0,0,0,0,1,6,14,2,0,1,5,6,1,0,15,1,7,5,3,9,0,13,11,0,156.48662147934033
06-07-2021,0,5,21,7,3,2,19,0,0,0,1,3,1,12,16,0,1,0,5,2,3,2,8,4,17,5,5,14,0,10,15,0,161.3666550376673
07-07-2021,0,2,13,5,2,1,22,1,1,1,0,3,2,9,18,2,1,1,4,5,5,0,7,0,16,2,10,13,0,10,14,1,166.86866756024423
08-07-2021,1,5,17,3,1,1,14,0,0,0,0,3,2,12,12,5,1,1,8,1,0,1,12,1,24,3,3,7,0,15,11,1,173.650749892382
09-07-2021,0,5,12,5,0,1,23,1,0,0,2,2,1,9,5,3,0,2,7,2,4,1,4,1,19,8,3,6,1,12,18,0,179.73715658712115
10-07-2021,0,0,12,5,1,2,29,1,2,1,1,3,4,7,15,4,0,0,4,4,4,1,6,2,19,5,7,8,0,14,12,0,187.39364743329872
11-07-2021,1,2,17,7,2,0,22,0,2,2,2,6,3,10,19,6,0,2,6,6,1,0,9,4,13,7,0,9,1,12,16,0,195.20872378739804
12-07-2021,1,3,12,5,4,1,31,1,0,2,2,7,1,10,23,2,1,4,8,8,5,2,9,0,31,10,4,10,0,15,15,0,204.3097259236381
13-07-2021,0,0,17,3,3,3,22,1,0,2,1,4,4,11,17,0,2,2,6,1,4,4,6,1,18,9,4,7,0,15,14,0,214.793541943657
14-07-2021,0,2,10,2,1,4,31,2,0,0,1,6,3,13,31,3,0,3,6,4,7,1,8,3,33,7,4,9,0,16,15,1,227.46418669420453
15-07-2021,1,1,14,2,3,0,32,3,1,1,1,7,3,13,30,7,1,6,7,6,3,4,6,1,19,4,5,8,1,13,25,0,242.56238439253192
16-07-2021,1,3,15,13,3,3,25,1,1,0,2,8,10,18,17,2,1,6,6,2,7,1,7,2,36,3,6,8,1,14,16,0,257.1402725834498
17-07-2021,0,4,12,4,0,3,31,0,0,0,2,11,6,15,41,5,0,8,9,8,5,0,10,3,19,6,5,7,1,21,16,0,271.8972934665458
18-07-2021,2,5,13,7,4,0,34,2,3,0,1,8,4,19,32,7,1,5,14,6,3,3,13,2,28,6,3,8,0,17,18,2,284.60124983467364
19-07-2021,0,9,15,1,2,2,36,2,2,1,3,14,4,13,38,11,2,8,10,8,2,3,18,5,42,9,5,5,1,24,17,1,298.8077467631368
20-07-2021,0,4,15,5,1,2,43,1,2,3,3,19,8,25,48,2,1,11,16,9,3,4,11,1,27,12,10,4,1,25,13,0,313.7019408548581
21-07-2021,2,6,20,4,4,3,45,1,4,4,2,15,5,26,42,7,0,9,18,7,9,2,11,3,40,10,11,8,0,13,17,0,332.1051720289019
22-07-2021,0,3,11,5,5,3,39,2,3,1,2,8,6,19,46,5,0,7,12,10,7,1,13,2,48,11,2,2,0,24,11,0,352.2033964544741
23-07-2021,1,1,21,3,4,3,40,1,2,1,2,27,4,26,45,13,2,8,13,11,8,4,12,2,43,13,6,5,0,37,17,2,372.2526118026358
24-07-2021,2,6,10,4,6,3,39,2,1,2,8,26,9,21,45,8,0,5,11,11,4,3,11,5,38,7,4,10,2,31,7,1,392.27771824984285
25-07-2021,1,7,5,5,5,4,53,2,2,2,3,17,4,22,50,12,1,9,20,12,7,5,17,4,46,16,8,8,1,38,10,2,411.7949491336747
26-07-2021,0,6,13,3,6,3,47,3,4,3,7,16,13,44,60,12,2,16,23,17,16,9,10,2,50,11,6,5,0,35,14,2,433.09994261396224
27-07-2021,0,5,18,5,0,5,50,5,1,4,2,28,6,35,56,10,1,14,20,13,13,5,15,5,45,13,7,12,1,49,13,4,456.1791981664067
28-07-2021,1,6,13,7,5,3,54,7,2,2,5,27,11,33,61,17,3,16,23,16,8,5,9,6,47,11,8,10,0,50,11,1,479.8793739799427
29-07-2021,2,2,10,6,5,2,65,4,3,2,6,22,13,43,60,13,2,6,20,13,14,5,7,6,46,15,6,7,1,40,18,8,502.7313943896129
30-07-2021,2,6,8,8,8,2,55,7,3,2,5,23,12,55,71,8,6,15,19,15,8,10,15,11,45,19,10,14,1,43,18,3,522.0298439933254
31-07-2021,0,4,10,8,9,2,70,4,9,2,7,37,10,54,69,16,4,12,29,9,11,6,10,7,37,20,4,7,1,49,16,4,539.7129104762294
01-08-2021,0,11,7,4,7,4,64,4,3,7,6,24,9,46,71,28,4,19,31,16,15,13,20,6,51,18,11,11,5,40,15,0,556.1972414625237
02-08-2021,4,6,12,5,14,2,83,7,7,3,6,24,11,74,85,16,5,15,34,11,22,15,8,12,49,21,9,14,2,49,15,9,571.8437562063036
03-08-2021,1,1,7,5,11,1,60,8,5,5,6,33,12,59,83,17,5,27,46,16,16,5,13,13,39,11,4,17,1,41,13,3,588.9720039051821
04-08-2021,2,4,2,2,11,4,70,5,8,5,9,45,20,63,76,17,4,12,20,13,18,6,7,7,43,23,6,12,1,56,16,4,606.9996657208836
05-08-2021,1,4,11,10,8,3,65,9,7,14,13,34,12,58,92,19,3,11,33,20,16,5,18,13,47,15,10,12,0,54,13,3,626.8355056760357
06-08-2021,2,9,15,6,6,6,65,2,6,4,12,36,17,46,78,16,6,16,42,21,19,9,17,14,35,16,10,16,0,62,12,6,643.8084380020495
07-08-2021,6,3,7,10,6,4,59,10,8,5,14,33,20,49,92,14,6,15,41,11,25,5,16,9,44,19,16,10,0,67,14,5,658.2802141688652
08-08-2021,3,3,7,8,3,4,76,2,11,5,9,27,18,67,92,16,4,15,31,19,29,14,14,9,41,18,13,17,2,60,13,5,670.7173245452768
09-08-2021,3,6,11,11,3,8,64,6,15,3,12,37,19,59,102,17,5,16,50,26,27,12,16,13,57,25,17,15,3,63,22,8,683.0637993901743
10-08-2021,2,6,12,5,8,10,80,13,16,2,11,24,15,62,93,27,8,26,44,17,28,9,12,13,47,16,7,18,5,66,15,1,697.34339759138
11-08-2021,5,5,9,5,3,5,78,13,8,6,14,29,20,67,100,24,7,21,49,20,20,11,16,13,34,21,11,15,0,67,14,3,711.4084107126255
12-08-2021,5,3,8,8,6,4,61,12,14,6,9,26,20,65,89,27,3,17,47,22,40,10,13,13,43,16,16,24,3,71,12,6,727.8832071106339
13-08-2021,5,11,6,8,10,3,81,9,8,8,14,29,15,63,83,35,9,15,45,18,34,14,15,19,26,15,9,15,4,67,13,4,741.9894088236206
14-08-2021,4,4,9,11,9,2,80,13,12,5,15,24,33,62,96,21,8,8,42,19,49,13,10,14,40,24,13,15,4,70,12,5,755.8554770868586
15-08-2021,1,4,4,4,12,4,73,12,14,14,11,31,25,68,92,29,10,23,42,28,43,8,18,23,38,9,11,25,1,75,16,5,764.6668185138238
16-08-2021,5,11,9,5,9,6,73,11,13,8,17,28,20,80,104,30,15,17,58,21,45,14,19,13,31,22,16,18,5,76,14,3,770.5693421669167
17-08-2021,5,6,5,9,12,3,72,5,17,11,15,21,26,54,89,27,18,22,52,27,43,10,7,18,31,19,14,16,5,79,12,8,776.4605230310804
18-08-2021,4,6,6,8,17,4,69,13,13,11,19,31,24,88,121,27,16,15,63,21,41,11,18,24,25,22,30,25,2,83,18,7,782.0563547035787
19-08-2021,3,5,3,4,12,1,55,11,15,11,14,29,21,61,98,27,15,19,59,26,35,14,12,19,27,21,15,18,5,99,19,11,788.7148503587551
20-08-2021,5,9,4,5,11,1,66,9,15,12,12,30,17,70,96,22,13,19,55,32,41,10,12,22,22,21,15,26,5,77,10,5,791.3029498816659
21-08-2021,2,8,4,15,8,5,54,15,20,12,15,25,23,87,85,40,6,13,52,19,46,13,22,35,33,20,17,25,5,76,9,8,790.6354229894774
22-08-2021,6,9,5,2,12,1,64,8,14,8,18,29,20,77,78,26,11,14,44,29,48,23,10,18,23,16,17,18,2,69,15,9,787.401293772772
23-08-2021,2,6,7,14,12,4,79,9,13,11,20,30,25,59,110,32,12,15,71,27,39,10,17,29,38,26,20,21,6,86,14,6,782.3365803738798
24-08-2021,11,5,6,11,9,5,65,8,19,5,23,26,18,74,96,37,13,22,56,18,53,12,11,24,18,22,24,18,3,86,16,7,777.9836811337703
25-08-2021,5,10,8,8,9,5,52,7,16,11,18,25,30,55,87,32,12,12,64,24,52,13,5,17,22,23,13,21,6,80,7,6,773.9525687876422
26-08-2021,8,9,6,15,6,2,65,12,16,7,23,30,21,63,95,36,7,13,53,26,41,14,9,14,24,24,11,18,16,92,15,5,769.3288734578623
27-08-2021,5,10,5,7,6,1,46,12,15,7,19,21,18,71,77,28,10,13,48,20,45,9,11,26,26,25,18,15,5,92,24,2,762.9114943844294
28-08-2021,8,8,6,11,9,8,55,10,16,6,21,19,26,51,84,32,8,8,46,21,54,15,11,16,13,23,22,15,4,100,8,10,753.2793258501173
29-08-2021,11,9,1,9,5,2,55,14,12,7,23,27,21,57,88,26,15,14,47,15,66,16,11,29,19,26,19,18,7,75,16,6,742.1807065001225
30-08-2021,5,11,4,6,7,4,55,20,13,12,15,22,22,63,94,28,4,7,48,27,44,9,13,19,15,23,18,16,13,86,16,12,731.1522379754002
31-08-2021,13,15,4,7,8,5,56,14,13,7,14,20,21,62,75,31,12,13,69,15,59,13,12,31,20,18,14,28,7,67,15,7,721.0350857458519
01-09-2021,5,9,4,12,5,2,56,15,9,11,13,15,29,75,70,40,8,8,39,19,50,13,15,17,10,22,14,21,5,70,13,9,713.1364686639939
02-09-2021,3,10,6,9,4,3,60,16,13,6,17,18,21,49,72,21,11,21,49,18,48,10,16,24,11,17,10,22,5,71,13,9,704.3481578150353
03-09-2021,2,10,4,11,5,4,41,9,15,4,27,21,26,52,79,28,15,13,42,13,59,12,11,26,22,24,11,18,6,59,15,7,694.7203459379531
04-09-2021,2,9,1,12,4,3,47,24,13,10,23,14,19,58,64,21,10,9,34,14,34,18,14,20,16,14,23,17,9,67,20,9,683.1457815047858
05-09-2021,6,8,3,11,10,3,53,13,12,13,24,13,24,59,57,18,10,11,58,13,44,13,12,28,15,14,23,25,2,63,18,12,670.9311929462827
06-09-2021,6,5,5,2,12,4,48,14,7,13,27,13,26,54,79,32,13,6,48,27,43,10,9,15,14,18,22,21,4,65,25,4,658.2119131880173
07-09-2021,2,11,3,13,11,7,51,4,13,8,23,11,35,46,52,30,13,13,54,11,47,11,12,17,22,19,17,26,3,61,19,5,645.5625020445904
08-09-2021,6,15,2,9,4,4,54,6,14,4,25,14,12,47,58,20,11,3,39,20,58,8,10,19,12,19,12,17,8,60,14,7,634.2824112461334
09-09-2021,13,10,5,13,3,7,53,12,17,3,26,15,8,56,40,31,16,17,45,13,59,22,4,15,8,11,14,15,6,54,17,4,623.080280598275
10-09-2021,8,9,4,7,5,8,43,10,9,5,18,13,26,45,62,25,6,7,38,18,50,14,6,16,18,17,21,19,5,66,14,5,611.5847501214241
11-09-2021,6,4,2,10,8,5,36,9,7,9,17,10,20,57,47,19,12,9,33,15,49,14,5,10,16,13,21,16,3,54,18,7,599.9356020845377
12-09-2021,2,6,2,10,7,2,42,10,9,5,16,12,16,41,60,29,8,9,33,17,48,23,7,8,14,19,17,22,7,68,21,5,588.2021703143686
13-09-2021,4,8,7,4,7,4,57,12,4,7,27,15,14,51,53,29,13,6,29,18,49,13,6,17,17,12,18,14,5,57,16,4,575.6999167106916
14-09-2021,7,8,1,9,8,3,41,15,7,4,34,5,22,48,45,26,6,8,45,11,35,11,9,14,6,14,20,18,7,53,14,9,563.0772686673548
15-09-2021,5,7,2,11,3,5,40,7,8,8,26,13,20,53,35,25,10,9,23,20,45,12,10,15,7,13,21,16,4,51,13,5,552.9608728854115
16-09-2021,5,13,0,13,4,5,38,7,12,2,27,10,16,37,50,28,17,10,24,10,41,13,14,9,8,8,22,17,6,57,18,4,545.3143647733098
17-09-2021,6,16,3,2,10,9,35,12,13,9,19,3,13,43,45,28,14,6,41,12,45,12,8,16,9,22,15,18,5,41,13,4,536.6576381346512
18-09-2021,6,12,2,9,3,5,25,8,7,5,18,6,10,39,53,21,13,7,35,18,43,13,6,5,10,16,16,9,4,42,25,3,525.2534608121812
19-09-2021,3,6,4,11,8,4,25,5,6,5,24,14,17,31,40,19,17,5,30,7,41,15,6,12,10,11,10,19,7,48,9,5,511.6578367849666
20-09-2021,8,10,2,6,5,3,33,17,11,4,25,9,14,40,58,27,15,7,34,12,60,10,1,14,6,18,13,9,4,40,19,5,498.39767730394436
21-09-2021,5,19,3,8,5,4,29,10,8,11,25,6,20,45,56,28,8,5,40,10,34,15,4,12,8,14,20,18,6,46,19,5,485.3883450991054
22-09-2021,4,10,2,3,8,4,30,18,9,4,21,7,16,31,40,19,6,6,20,14,31,10,3,10,8,25,20,27,6,38,16,4,474.4228593306434
23-09-2021,4,12,2,10,7,5,27,11,3,3,26,5,15,39,37,16,8,6,22,12,34,7,1,14,7,17,13,15,2,38,13,5,464.4218003050947
24-09-2021,6,9,2,6,4,3,28,10,7,5,18,8,8,38,43,17,12,6,26,11,38,8,3,6,11,16,12,22,8,46,16,4,454.77317613875886
25-09-2021,9,13,1,8,3,2,33,8,9,5,21,9,9,38,34,12,9,4,20,9,44,9,5,5,4,8,17,12,3,37,11,2,444.0424523232614
26-09-2021,2,12,1,8,6,3,25,8,2,1,23,7,20,27,33,22,5,7,26,18,27,14,4,11,3,10,18,17,6,39,13,6,432.244150637843
27-09-2021,4,20,2,3,7,5,38,8,3,4,26,13,12,32,38,19,5,4,28,9,27,14,3,11,3,18,16,13,2,31,9,2,420.93414110894173
28-09-2021,6,20,1,4,6,7,16,7,11,6,27,2,9,37,41,13,5,4,24,13,42,14,1,8,12,12,16,13,4,40,14,2,410.46483014441884
29-09-2021,5,10,0,6,3,3,17,5,6,3,26,6,6,33,42,32,4,6,24,11,29,6,2,6,13,17,11,12,4,36,16,3,401.28331974326164
30-09-2021,8,10,1,4,4,5,18,12,7,3,20,1,9,31,35,14,3,3,20,13,39,9,2,10,10,15,12,6,5,22,14,6,391.8962179693987
01-10-2021,2,8,0,5,6,7,30,10,5,3,21,5,14,25,29,23,5,3,26,11,32,9,3,10,7,9,10,15,3,36,12,2,380.97739603686335
02-10-2021,3,9,4,5,1,6,20,9,5,4,18,4,10,28,37,21,8,5,20,6,27,11,2,8,2,8,13,12,2,26,12,4,370.21981734026053
03-10-2021,5,12,4,5,2,4,25,7,2,2,20,5,11,27,41,17,12,3,17,11,32,11,2,2,7,6,16,9,4,19,15,4,359.9065995431958
04-10-2021,3,6,3,8,5,5,25,11,8,5,15,7,7,33,40,12,15,3,21,11,34,7,3,4,6,12,10,14,4,27,17,6,350.7319728358531
05-10-2021,6,11,1,5,3,8,22,8,1,1,25,7,8,30,22,16,7,8,18,12,18,8,4,8,6,8,10,10,4,24,15,3,341.4429582948707
06-10-2021,3,12,1,2,2,3,16,8,5,4,17,3,6,36,29,18,2,4,14,4,22,11,5,8,7,6,10,8,2,24,9,4,333.1089648361356
07-10-2021,11,12,2,6,6,8,15,6,2,2,15,5,9,21,21,20,7,1,22,12,19,5,0,7,6,8,14,8,3,19,16,3,326.1211949524657
08-10-2021,2,11,2,7,1,9,23,10,7,4,17,7,6,34,26,13,7,5,15,14,32,4,1,4,6,6,22,5,3,28,8,1,318.99593335115486
09-10-2021,6,13,3,4,2,3,17,10,2,1,14,6,12,32,28,18,5,3,5,3,22,11,4,2,6,7,8,8,0,17,14,4,311.7965159153562
10-10-2021,1,16,7,4,1,7,13,9,1,6,18,2,6,27,25,16,4,6,16,6,16,7,0,3,4,14,8,8,2,19,11,4,304.1605728732676
11-10-2021,4,12,1,4,3,9,23,13,4,2,13,4,9,24,21,6,6,8,20,12,22,11,6,5,7,12,11,9,1,16,11,6,296.68398361764275
12-10-2021,4,11,4,0,2,5,20,10,5,5,23,6,5,24,27,12,9,2,15,9,23,6,1,6,4,4,9,12,3,10,12,3,288.60000303824137
13-10-2021,4,19,0,4,0,9,11,13,2,5,23,9,2,25,27,11,4,2,13,9,18,11,5,6,4,6,10,5,3,14,16,0,279.57852709957774
14-10-2021,4,18,2,1,1,3,12,10,2,4,21,4,8,23,21,11,2,6,8,8,15,8,3,3,4,4,16,12,3,9,14,4,271.147541971954
15-10-2021,3,9,0,6,1,6,20,4,4,1,14,7,5,30,19,9,1,2,17,12,26,4,3,5,8,6,5,6,5,21,9,1,263.27679776739996
16-10-2021,2,12,0,4,2,4,18,8,3,2,17,4,6,26,21,13,10,5,13,6,18,11,0,5,7,6,6,7,0,21,11,2,256.34447935202206
17-10-2021,4,9,1,6,2,3,10,10,3,0,16,6,5,18,22,6,6,2,13,2,19,7,1,5,2,11,7,9,2,8,15,2,249.5009548997874
18-10-2021,5,6,0,2,2,3,8,4,1,1,16,2,2,27,21,16,6,4,8,3,18,7,2,5,12,5,14,5,3,15,7,2,242.59358406084536
19-10-2021,2,15,1,5,0,2,13,5,1,0,24,6,8,18,17,15,5,0,14,4,11,2,1,4,5,10,7,5,3,15,5,4,236.12150838339835
20-10-2021,4,14,0,0,3,5,15,3,1,2,17,2,3,16,24,9,7,3,16,8,12,2,2,8,3,9,6,9,1,16,13,3,229.34062496403146
21-10-2021,5,13,1,2,0,4,17,3,1,2,18,2,5,26,17,16,4,3,11,5,17,4,0,3,4,8,7,11,1,6,7,1,222.91364753398352
22-10-2021,1,20,1,2,0,4,10,7,1,6,22,2,6,19,11,9,3,2,16,1,17,2,2,2,6,10,8,9,1,7,4,1,216.327738542
23-10-2021,6,14,2,0,0,4,5,8,5,4,18,8,8,20,10,7,2,1,9,8,16,3,2,7,4,6,8,6,2,12,5,6,211.09268296795722
24-10-2021,4,16,0,4,0,5,18,10,1,4,15,4,4,11,18,8,2,3,1,8,13,4,2,4,2,6,5,7,1,12,4,0,206.47209219993292
25-10-2021,2,14,1,3,3,5,13,6,3,5,9,2,4,18,15,6,2,0,10,4,15,6,4,5,4,4,10,9,4,7,9,3,201.7338417653698
26-10-2021,3,17,0,2,2,5,7,0,1,3,16,3,5,14,14,3,8,3,10,2,11,7,4,7,4,9,4,6,1,7,4,2,196.71596692792423
27-10-2021,6,9,0,2,0,10,5,6,3,0,19,2,6,14,12,5,3,1,3,7,9,7,3,1,4,7,11,3,2,15,5,3,191.6260447508787
28-10-2021,4,25,1,2,1,15,6,8,1,4,15,1,1,17,15,8,4,3,8,2,12,3,0,0,4,3,3,6,3,5,5,3,188.41103360538042
29-10-2021,2,21,0,0,0,9,13,5,2,5,21,4,4,16,10,9,1,2,7,4,17,8,1,2,7,7,4,2,0,10,8,2,184.65944922609833
30-10-2021,1,20,1,2,1,3,9,3,1,1,30,2,2,14,15,4,2,0,8,5,5,8,1,3,3,10,2,4,1,5,7,1,181.12798698240852
31-10-2021,3,6,0,2,0,4,7,7,3,6,23,4,3,7,11,7,1,1,4,3,4,4,4,5,1,3,5,0,2,11,6,0,175.9126725404426
01-11-2021,4,15,0,2,2,5,14,7,2,2,13,3,2,16,7,6,6,4,6,6,5,5,1,4,7,11,2,7,2,8,13,6,171.10425728630457
02-11-2021,5,23,1,3,0,9,6,6,0,1,12,3,1,17,13,5,4,0,10,3,7,1,0,2,3,7,7,3,1,6,4,2,167.11510821012985
03-11-2021,6,18,0,1,0,10,5,5,3,0,22,6,2,9,14,0,4,4,7,5,13,4,1,5,2,14,5,6,0,8,4,0,164.01502669640368
04-11-2021,3,27,0,0,0,6,6,3,1,0,13,4,2,9,7,1,3,3,4,6,11,3,0,2,5,6,2,5,0,7,7,1,161.8843234088632
05-11-2021,0,11,0,3,0,5,15,3,2,3,14,6,3,15,10,6,1,2,7,3,6,1,3,2,5,2,2,5,2,4,8,1,159.0739486873858
06-11-2021,2,11,2,0,0,10,3,6,3,3,13,4,1,8,12,1,4,1,7,1,8,4,2,1,2,9,3,3,2,6,8,2,156.03607491574223
07-11-2021,0,19,0,0,0,6,7,6,1,1,20,2,5,11,12,8,2,1,6,2,5,1,0,5,3,9,1,5,0,3,0,3,152.74194485675022
08-11-2021,4,32,0,1,0,8,10,8,0,2,16,2,2,8,21,3,3,1,5,6,4,1,1,6,2,12,5,2,2,5,3,3,149.3400421499583
09-11-2021,2,25,0,0,0,6,10,7,2,3,13,1,1,6,8,3,3,3,7,1,3,1,2,4,4,3,2,5,1,4,4,3,147.3499202445802
10-11-2021,2,22,1,1,0,10,4,4,0,0,8,1,4,12,13,2,1,4,8,4,4,1,1,4,4,16,3,3,0,3,7,0,146.00606971169847
11-11-2021,2,22,0,2,1,8,3,8,1,2,12,1,2,12,13,2,0,1,7,8,3,4,0,6,3,6,3,2,1,6,8,1,145.5264013233674
12-11-2021,1,23,0,1,0,8,4,5,1,1,9,1,2,6,9,5,3,0,4,3,2,5,0,3,2,4,2,1,0,6,2,1,144.34285261321602
13-11-2021,3,14,2,1,1,8,3,9,0,2,10,1,4,8,10,4,1,3,10,4,2,1,2,3,6,10,7,6,0,3,5,3,142.23593203172808
14-11-2021,2,29,0,0,2,6,8,3,1,3,11,4,5,6,8,4,0,0,2,2,3,3,2,4,1,9,1,2,1,6,7,1,140.21690234959925
15-11-2021,1,25,2,0,0,9,6,11,0,1,15,6,2,9,11,2,1,0,6,0,3,4,1,4,3,12,1,1,2,6,5,0,138.49125952884114
16-11-2021,2,33,2,1,0,9,7,11,0,4,19,0,3,7,5,4,4,1,9,2,3,2,0,4,3,8,2,5,0,1,3,0,137.93202584196902
17-11-2021,2,20,1,1,0,13,6,4,1,2,14,3,2,7,7,4,0,1,5,3,0,2,0,4,3,10,0,4,0,4,4,2,137.46770238255246
18-11-2021,2,14,1,0,1,10,8,4,1,1,18,3,5,4,10,0,2,2,7,5,2,0,1,1,2,10,1,1,0,3,7,0,137.17533012264528
19-11-2021,3,18,2,1,0,9,5,6,0,1,17,1,2,8,13,2,1,0,8,2,2,2,2,3,3,5,1,1,0,3,4,0,136.06737307727948
20-11-2021,2,25,0,1,1,12,5,15,0,4,12,3,2,5,7,0,2,1,4,1,7,3,0,2,2,5,2,4,2,2,6,3,134.70607314357744
21-11-2021,0,20,0,0,1,7,6,9,0,2,15,2,0,4,5,4,1,2,13,4,3,3,1,2,6,13,0,1,2,4,4,1,133.06135734552834
22-11-2021,3,32,0,1,0,4,4,5,1,2,15,0,2,6,6,1,0,0,10,3,8,5,3,6,0,14,2,2,1,5,2,0,132.2717611812077
23-11-2021,2,17,0,0,0,16,6,10,1,5,8,1,3,8,9,5,0,0,5,3,3,2,0,3,3,12,1,5,0,2,3,0,131.63823095976105
24-11-2021,3,23,2,1,0,16,4,9,0,2,8,0,3,4,6,5,2,2,4,1,3,4,0,3,0,7,2,3,0,9,2,3,131.49537284049345
25-11-2021,0,12,1,1,0,13,5,10,1,2,5,2,2,9,5,4,1,0,4,3,3,1,0,5,2,13,1,1,0,4,7,0,131.88941764039862
26-11-2021,3,25,0,0,1,10,8,11,0,4,11,2,2,5,8,3,2,0,4,3,5,2,1,1,1,8,0,1,2,2,3,0,132.579454198599
27-11-2021,5,19,1,0,0,7,8,7,0,4,15,6,1,9,4,4,2,1,7,1,5,0,1,3,4,8,1,2,1,1,1,2,133.53253334014667
28-11-2021,2,31,5,0,0,9,1,15,0,4,11,0,2,5,6,3,1,1,5,2,4,2,0,2,1,17,2,2,1,0,3,1,132.6840064180035
29-11-2021,2,19,0,1,0,11,7,7,0,2,14,2,0,5,12,1,0,0,3,3,2,1,0,4,2,10,3,2,1,6,2,0,131.8489793383806
30-11-2021,0,22,2,2,0,15,5,7,1,4,11,1,2,2,11,3,1,1,8,1,3,1,1,5,5,2,2,2,0,5,9,2,130.52846070397177
01-12-2021,3,32,0,1,0,12,8,13,0,3,11,3,2,6,13,4,1,0,5,3,5,3,1,6,0,16,2,1,0,3,3,0,130.5798455358846
02-12-2021,2,22,1,1,0,14,1,7,0,1,11,1,1,1,7,0,0,0,6,2,3,5,1,3,0,9,4,4,1,2,2,3,131.1823463173669
03-12-2021,2,25,0,1,1,13,6,13,0,4,8,5,2,6,6,5,0,1,2,3,4,3,1,2,3,11,1,3,1,2,3,2,131.983432765321
04-12-2021,1,25,1,0,0,6,3,9,0,1,10,0,0,6,9,3,0,1,5,1,1,1,1,1,2,13,1,2,0,2,0,3,132.3788364118626
05-12-2021,2,22,0,0,0,21,6,7,0,0,9,1,0,8,10,3,1,1,6,0,5,1,1,2,3,12,0,1,0,4,0,1,131.93171731057149
06-12-2021,4,27,1,1,1,10,5,10,0,3,18,2,2,8,4,2,1,0,3,2,5,2,1,2,4,12,2,5,0,4,2,1,130.6651929217421
07-12-2021,1,25,0,1,1,17,3,9,1,2,11,0,0,5,6,2,1,0,6,0,3,1,1,7,3,17,0,4,0,1,3,0,129.47568703136767
08-12-2021,5,31,1,1,2,15,10,0,0,2,12,0,5,3,7,0,0,1,6,0,3,0,1,5,4,16,1,2,0,3,4,3,128.2238005149359
09-12-2021,3,35,1,0,2,18,3,4,3,3,7,0,3,6,5,2,0,1,4,2,1,1,2,1,1,19,2,2,0,4,1,0,127.66760653391486
10-12-2021,0,20,0,1,0,14,2,7,0,3,8,2,1,3,9,1,1,0,4,3,5,0,1,5,4,16,0,1,1,1,0,1,126.94422512740884
11-12-2021,3,27,3,0,1,20,5,6,0,2,11,0,1,3,5,1,3,0,6,0,2,0,0,3,0,18,1,1,0,3,2,2,125.78397817508805
12-12-2021,1,27,0,0,0,15,3,5,0,5,12,2,1,3,4,2,0,0,2,1,2,0,0,4,3,15,2,2,0,2,2,0,124.58839753645604
13-12-2021,4,23,0,0,0,14,10,3,0,3,12,1,1,2,9,0,1,1,2,4,5,2,0,3,3,15,1,5,0,1,0,1,123.17224094373735
14-12-2021,3,22,0,0,0,21,4,7,0,3,13,0,2,8,8,2,0,0,7,0,1,2,0,5,2,14,1,2,0,1,1,0,122.24964880588203
15-12-2021,1,26,0,0,1,12,2,11,0,2,9,1,0,5,4,0,0,2,5,0,3,2,0,8,2,14,0,6,0,3,1,4,120.82962278061831
16-12-2021,3,22,0,0,0,16,4,11,0,2,11,0,3,3,7,0,0,1,6,1,4,4,0,1,1,10,0,3,0,0,3,3,119.80962904395953
17-12-2021,6,18,2,1,0,19,7,6,0,2,6,0,1,1,4,1,1,0,3,1,4,0,0,1,3,9,1,3,0,2,0,4,118.523899752609
18-12-2021,3,13,0,0,0,25,5,8,0,6,15,0,1,6,9,2,1,0,3,2,2,2,1,3,3,13,0,2,1,3,1,1,117.66130884665192
19-12-2021,1,22,0,0,0,19,3,7,0,6,9,0,0,7,8,0,0,0,2,1,1,1,0,3,2,12,0,3,1,4,1,0,116.37873574946559
20-12-2021,6,23,0,0,1,9,5,6,0,3,9,2,0,5,2,1,0,0,5,2,1,0,0,4,3,10,1,3,0,3,3,2,115.9089011759403
21-12-2021,4,21,1,1,0,15,4,6,0,5,13,0,0,5,4,2,0,0,2,4,5,0,0,3,4,11,0,3,0,1,1,1,115.49070599154334
22-12-2021,2,26,0,0,0,17,8,12,0,4,7,0,1,3,7,3,2,0,3,1,1,2,0,4,2,11,1,3,0,0,2,1,115.68978853442736
23-12-2021,3,17,1,0,0,13,2,6,0,6,10,1,2,5,3,2,0,0,1,1,3,0,1,1,1,11,1,3,0,0,1,2,115.3550420940333
24-12-2021,2,24,1,0,0,20,5,7,0,3,8,2,0,6,4,0,1,0,5,1,4,0,0,6,0,16,0,3,0,0,1,2,114.46138208469806
25-12-2021,4,24,2,0,0,21,2,2,0,0,11,0,1,4,5,1,1,0,2,0,0,2,0,2,2,17,0,2,0,2,3,1,112.90753548108445
26-12-2021,3,15,0,0,0,23,1,7,0,1,14,0,0,4,4,1,3,1,2,2,0,2,1,4,8,15,0,2,0,2,1,2,111.32101030229767
27-12-2021,5,23,0,0,0,14,5,10,0,2,15,1,1,3,3,0,1,0,3,0,5,0,1,6,4,10,0,1,0,2,1,2,110.26426181733287
28-12-2021,4,22,1,0,1,17,3,5,0,2,8,0,3,8,4,4,0,1,1,1,2,0,0,3,3,13,0,5,0,2,2,2,110.58315530465347
29-12-2021,3,18,0,0,0,18,1,6,0,4,13,0,0,3,4,1,0,0,3,0,1,0,0,3,2,15,2,2,0,2,1,1,112.16984538785549
30-12-2021,9,12,1,0,0,14,5,6,0,5,4,1,3,3,3,0,1,0,4,3,2,0,0,5,1,7,0,3,0,2,0,2,115.46822186736176
31-12-2021,1,16,0,0,0,20,7,9,0,4,12,1,1,1,3,1,0,1,3,1,3,0,2,3,4,7,0,3,0,0,0,4,118.83267147732245
01-01-2022,1,18,2,1,0,20,5,4,0,3,15,1,1,5,5,3,0,0,0,2,2,2,0,1,2,6,0,5,0,1,3,1,122.20116534156887
02-01-2022,2,15,2,0,0,20,8,12,0,1,10,1,0,3,4,0,0,1,3,0,0,3,2,3,3,8,1,2,0,0,1,1,124.98098556757736
03-01-2022,4,21,4,1,0,23,6,13,0,6,10,1,1,8,8,0,0,0,3,1,1,5,1,3,4,11,1,0,0,1,4,4,128.41621801830445
04-01-2022,4,14,5,0,1,22,5,5,0,7,18,3,0,11,6,1,0,1,1,1,2,1,1,2,3,9,0,2,0,1,4,5,133.14424464789298
05-01-2022,4,21,0,0,1,18,7,11,0,3,14,2,2,5,8,0,1,1,3,1,1,0,3,6,4,11,0,3,1,3,1,5,139.37172580014234
06-01-2022,8,15,3,0,0,21,9,8,0,6,16,1,3,10,3,1,0,0,7,1,2,1,1,3,2,6,0,4,0,0,2,5,147.36198950134397
07-01-2022,3,16,1,0,1,12,12,9,0,4,14,0,2,5,9,1,2,0,5,1,1,0,3,3,1,8,0,1,0,4,6,10,156.62398649347185
08-01-2022,3,12,0,0,0,13,6,10,0,5,14,3,0,10,9,4,0,1,5,4,4,5,2,4,2,9,1,7,0,2,3,4,167.72057846916678
09-01-2022,7,33,2,0,0,15,10,8,0,6,16,0,0,14,7,2,2,3,3,1,3,1,2,2,5,10,1,4,0,2,5,6,179.17530009325318
10-01-2022,10,25,1,0,0,21,16,11,0,3,13,0,0,8,12,2,2,0,10,0,3,4,3,4,5,13,0,5,2,2,3,5,191.56378234617728
11-01-2022,9,20,4,0,0,17,17,15,0,6,17,3,5,6,14,2,0,1,1,1,1,2,1,7,5,8,1,7,0,1,7,5,204.99810582189818
12-01-2022,10,17,9,0,0,20,24,11,0,3,19,3,3,10,12,3,0,0,15,1,2,8,6,7,6,6,2,10,0,5,6,7,221.81000496409646
13-01-2022,6,28,9,1,0,13,20,8,0,8,22,2,2,11,14,3,0,1,9,4,2,3,6,10,7,17,1,8,0,3,8,2,240.9929445377846
14-01-2022,12,16,6,0,0,22,36,13,1,2,21,0,4,9,19,3,2,0,9,1,2,2,4,15,9,7,0,8,1,4,4,13,261.9456644884237
15-01-2022,6,13,4,1,1,16,25,15,2,14,18,4,5,16,14,0,2,5,13,0,1,5,7,12,5,15,1,7,0,6,6,8,282.4187008657327
16-01-2022,8,11,4,1,0,21,38,10,2,9,30,5,5,23,18,1,3,2,10,3,4,3,2,11,8,19,2,10,0,5,4,7,303.9268376738066
17-01-2022,6,22,6,2,0,22,38,19,1,6,21,6,4,28,21,4,2,2,30,2,2,1,4,14,6,20,2,14,0,3,9,3,325.0440960313759
18-01-2022,9,24,8,0,2,23,47,21,3,8,26,6,6,30,28,2,2,4,34,2,5,5,5,14,11,10,4,17,0,3,6,9,347.5077357761326
19-01-2022,3,20,2,0,1,23,40,29,3,10,17,5,8,37,22,8,2,5,19,7,6,3,1,17,10,18,2,16,1,6,10,9,370.7418301745823
20-01-2022,10,18,9,1,0,23,40,20,1,12,22,2,5,24,23,3,3,5,34,3,4,6,6,21,18,15,8,24,1,9,8,10,395.8156787973582
21-01-2022,18,26,5,2,1,27,42,21,2,11,21,2,8,38,29,7,2,2,22,7,8,6,5,14,7,19,3,21,0,9,9,14,420.9616936372932
22-01-2022,15,18,2,0,2,24,47,29,2,9,32,5,8,41,29,7,3,7,19,6,12,5,15,14,9,17,10,22,1,12,17,15,443.8442459749813
23-01-2022,14,22,9,2,0,20,45,30,2,9,27,3,6,36,30,7,7,6,25,3,7,5,1,14,16,11,4,28,0,17,15,11,464.29392532156106
24-01-2022,10,21,6,0,2,20,60,33,2,10,37,6,7,33,37,14,8,4,39,8,11,8,6,28,19,12,7,22,2,11,7,12,481.72200870664136
25-01-2022,12,24,5,4,1,21,63,40,3,9,35,9,5,44,53,9,11,2,43,6,11,15,6,23,13,25,6,24,1,12,13,10,496.36337428015287
26-01-2022,8,20,4,3,3,24,65,32,3,7,25,13,11,39,47,6,4,7,40,16,12,14,11,11,16,13,6,22,1,14,18,11,509.5825010098226
27-01-2022,12,16,6,1,3,25,53,35,1,7,40,11,10,54,52,11,6,4,30,5,8,8,13,14,11,29,9,32,2,22,8,17,521.1576459642785
28-01-2022,15,23,8,3,2,29,45,29,1,12,25,10,9,58,50,14,10,7,30,10,18,20,8,22,14,19,7,26,1,13,9,9,531.7870800761914
29-01-2022,7,19,1,3,1,37,78,22,5,5,22,10,7,49,51,12,5,11,25,8,11,13,9,16,8,16,12,36,2,21,13,10,537.2548891956745
30-01-2022,5,26,4,3,0,23,64,30,7,7,34,6,10,58,53,17,10,7,25,7,8,10,4,23,10,23,14,32,0,17,10,14,538.1137986259047
31-01-2022,12,26,3,2,1,15,53,32,4,11,36,1,10,48,51,6,3,10,33,10,13,17,12,29,13,17,10,20,1,22,12,11,534.4177458675709
01-02-2022,9,24,5,2,2,26,59,34,6,11,32,15,9,80,45,11,12,6,42,5,7,18,10,11,14,19,2,38,1,18,13,13,529.1820720579332
02-02-2022,10,28,2,3,3,30,64,21,3,15,43,9,10,56,45,10,6,9,26,11,8,11,7,22,21,27,5,28,2,12,16,11,523.0950439387178
03-02-2022,16,21,2,1,2,22,55,19,8,8,24,12,18,61,48,14,8,9,32,14,9,11,2,15,20,22,5,29,1,19,14,4,517.0467367842315
04-02-2022,8,23,6,1,1,20,47,31,7,5,29,7,16,56,54,10,7,1,36,12,13,13,2,12,15,16,8,15,1,11,4,7,509.51920336849463
05-02-2022,11,19,4,4,2,26,49,21,2,7,31,13,12,55,39,13,7,5,18,8,12,14,9,10,14,27,5,22,0,14,17,7,499.7277632750226
06-02-2022,5,19,4,5,3,26,47,12,5,7,31,11,11,52,39,15,5,12,27,6,15,12,6,14,14,21,5,21,1,26,12,4,486.4401317332343
07-02-2022,12,25,0,8,2,15,51,17,5,4,32,12,8,45,48,11,5,6,28,11,13,13,4,11,14,21,7,21,2,16,9,7,472.11018445058176
08-02-2022,11,19,8,4,0,19,42,17,2,9,25,13,13,45,46,15,12,3,22,9,11,14,5,11,10,20,6,27,2,27,6,12,457.9637546558367
09-02-2022,10,25,8,3,2,15,47,23,5,11,15,13,13,46,49,23,10,6,37,9,12,11,1,10,10,16,6,14,2,19,11,8,444.10861024479146
10-02-2022,1,15,6,5,6,23,44,8,2,5,22,9,9,43,36,17,11,6,21,14,19,14,2,10,7,15,1,11,2,19,9,3,429.3808706538687
11-02-2022,7,16,1,2,1,14,29,10,6,9,22,7,18,36,41,7,11,4,18,14,15,18,2,7,15,17,8,13,1,17,9,4,412.3462257501183
12-02-2022,6,19,2,4,4,9,30,15,7,9,21,14,12,34,38,8,10,6,22,9,13,13,3,10,11,15,7,11,5,18,5,4,392.94107288999953
13-02-2022,2,11,2,2,1,10,37,16,0,4,14,9,8,35,42,9,9,7,26,10,13,18,1,11,13,12,6,15,1,30,10,4,372.0151816659265
14-02-2022,9,9,4,0,5,15,38,13,6,4,20,3,14,28,42,6,9,8,20,12,13,10,2,9,12,14,5,14,1,21,15,7,350.7686847826464
15-02-2022,2,11,4,2,7,13,27,5,6,1,14,8,11,27,34,12,5,7,23,10,8,10,2,8,14,15,5,13,0,25,7,7,332.052580994835
16-02-2022,5,11,4,4,4,8,29,9,3,5,17,3,8,22,36,14,7,2,12,10,15,8,0,6,9,8,10,14,3,22,6,4,315.4817161217303
17-02-2022,5,12,1,0,3,8,31,11,3,4,11,6,10,28,31,10,10,4,14,6,12,6,2,8,10,7,3,7,2,15,5,2,300.9658865472921
18-02-2022,2,4,3,4,6,8,22,3,0,4,7,2,10,24,25,5,7,6,12,7,13,6,1,3,6,7,8,8,3,15,4,1,286.39271764680825
19-02-2022,3,7,4,2,0,7,34,2,0,2,13,2,9,31,30,7,3,6,20,6,5,11,1,0,8,9,4,5,2,16,6,1,270.37345085509696
20-02-2022,0,8,2,2,2,11,19,9,2,1,13,4,6,23,24,9,4,6,6,7,12,12,2,3,6,7,2,9,2,21,4,2,253.8650326308741
21-02-2022,3,6,5,2,3,5,22,7,4,2,16,5,7,20,22,12,6,5,17,6,10,6,4,6,8,8,6,9,1,20,1,2,236.9306070712352
22-02-2022,0,9,2,4,2,8,21,5,1,2,8,5,8,22,34,6,5,5,10,12,7,9,0,3,6,11,3,10,4,19,3,3,222.0229308385741
23-02-2022,3,6,3,1,2,7,16,3,3,3,5,4,7,12,25,10,1,2,13,4,11,10,1,3,6,6,2,8,3,16,5,4,207.42473610413936
24-02-2022,1,12,1,1,3,4,22,2,1,5,7,6,5,22,25,6,1,2,5,11,6,9,1,2,7,5,1,8,3,9,0,1,194.10890072046428
25-02-2022,1,4,1,1,0,7,17,3,4,0,6,1,3,12,14,6,2,4,1,6,10,9,0,4,5,5,5,6,0,8,2,1,180.3420243568415
26-02-2022,1,4,1,1,1,2,22,3,0,0,7,4,7,13,24,5,2,3,4,4,7,8,0,1,3,7,2,6,3,16,0,0,167.96540338776478
27-02-2022,2,5,0,1,1,5,18,1,2,1,4,3,7,9,20,6,1,0,4,1,11,7,2,3,7,4,2,4,1,14,3,3,155.03292885339656
28-02-2022,0,9,2,0,3,4,12,0,1,0,9,3,4,12,25,5,3,1,7,6,8,7,0,3,2,8,3,4,2,7,2,1,143.36765894073167
01-03-2022,0,2,2,1,0,2,8,2,1,1,6,0,6,17,16,4,1,2,7,3,7,5,0,0,1,4,0,4,0,5,3,1,131.96554299828327
02-03-2022,2,1,0,0,2,1,19,1,0,2,5,2,6,10,9,10,3,1,10,3,7,0,1,2,6,4,2,3,1,14,3,0,122.59085814622142
03-03-2022,1,2,4,0,0,1,12,2,2,0,5,0,4,4,14,1,1,0,6,3,5,2,0,3,3,1,4,4,0,13,2,0,113.88934006807024
04-03-2022,2,5,1,0,1,3,13,1,0,2,5,2,1,4,10,5,3,1,7,3,6,4,0,2,2,5,1,0,0,15,0,0,106.1859086803155
05-03-2022,0,2,1,0,0,2,5,0,2,0,4,2,3,3,8,3,2,2,4,5,7,3,1,1,1,1,0,1,0,5,0,0,99.11825974014066
06-03-2022,3,6,0,1,2,4,3,3,1,0,6,0,2,7,12,5,1,2,4,2,7,2,0,3,1,3,1,2,0,8,2,0,92.86906093527496
07-03-2022,1,3,1,0,1,3,9,1,0,0,3,0,3,4,14,5,2,0,6,3,5,2,1,0,4,2,2,2,0,6,1,1,87.04926099091847
08-03-2022,0,5,0,1,0,4,8,2,2,0,4,0,0,8,7,2,0,2,1,1,7,3,0,1,2,3,0,1,1,6,1,0,81.45572597936511
09-03-2022,1,1,0,0,2,4,14,2,0,0,1,0,1,8,7,4,0,0,5,0,6,2,0,0,0,4,1,3,0,5,1,0,76.11347931544752
10-03-2022,3,4,1,0,0,3,8,1,0,0,3,2,2,7,7,2,1,0,1,2,5,3,0,0,3,2,1,0,2,10,0,0,70.9677149028097
11-03-2022,1,1,1,2,1,4,3,1,0,0,3,2,0,3,9,2,1,0,1,3,5,3,1,1,2,2,0,2,0,4,1,3,66.09483184760678
12-03-2022,0,1,0,1,0,3,4,2,1,1,2,0,1,3,7,5,3,0,6,2,3,3,0,1,1,0,0,2,0,7,4,0,61.460635511151565
13-03-2022,0,2,2,1,0,1,5,0,0,1,2,1,3,7,2,4,1,3,4,2,3,4,0,0,1,2,0,0,0,5,0,0,57.22074373859997
14-03-2022,2,3,1,0,0,4,2,0,0,0,2,1,1,1,3,0,1,1,3,4,1,1,0,1,2,4,0,1,1,6,0,0,53.47440012897905
15-03-2022,0,0,0,0,1,1,1,1,0,3,0,0,2,6,4,1,2,3,1,2,5,2,0,1,2,2,0,1,1,9,0,1,49.76094258666601
16-03-2022,0,0,1,0,1,1,3,3,1,0,1,1,1,3,2,1,0,0,3,1,2,3,0,1,1,5,1,1,0,2,2,0,46.41716290870232
17-03-2022,0,4,1,0,0,1,3,2,0,0,0,0,1,1,4,1,1,1,1,1,2,0,0,1,1,1,2,1,0,5,0,1,43.06783307116208
18-03-2022,2,0,0,1,0,4,6,0,0,0,0,3,2,3,5,3,1,0,0,2,1,0,0,0,0,3,0,1,0,6,0,1,40.241302537251165
19-03-2022,1,0,1,0,0,2,4,1,1,0,0,1,0,0,4,0,0,2,2,3,1,0,0,0,1,0,3,0,2,4,0,1,37.56558476556289
20-03-2022,0,1,0,0,1,1,9,1,0,0,1,1,1,4,1,0,1,0,0,2,1,2,2,0,1,1,1,0,0,2,1,0,35.16310838277001
21-03-2022,0,1,0,0,1,0,1,0,0,0,0,0,0,2,4,3,0,0,2,0,1,0,0,1,1,1,0,1,1,4,1,1,33.16091641026075
22-03-2022,0,3,1,0,0,1,4,0,1,1,3,0,1,2,2,0,1,0,1,1,1,0,0,1,1,1,1,1,1,1,1,1,31.308452781290217
23-03-2022,2,1,1,0,0,1,1,0,0,0,1,0,0,2,4,1,0,0,1,0,5,1,0,1,0,1,1,0,1,1,0,0,29.801539035380497
24-03-2022,2,0,1,0,0,0,2,0,1,0,0,0,1,1,1,0,0,0,1,1,3,1,0,1,0,1,1,0,0,5,1,1,28.243300441796634
25-03-2022,1,0,0,0,0,2,3,1,0,0,1,0,1,2,2,2,0,0,2,2,0,2,0,0,1,1,0,0,1,2,1,0,26.873514215048946
26-03-2022,1,1,0,0,0,1,2,1,0,0,0,0,0,1,1,2,1,0,1,0,0,0,0,0,0,2,1,2,0,3,1,0,25.60454350686092
27-03-2022,0,1,0,0,0,1,2,0,1,0,0,0,1,1,3,2,0,1,3,2,2,0,0,0,0,2,1,0,1,5,0,0,24.253159549634812
28-03-2022,0,0,1,0,0,0,3,0,1,0,0,0,0,0,1,4,0,0,2,1,3,2,0,1,0,0,0,0,0,1,0,0,22.910600087337116
29-03-2022,0,2,0,0,0,1,2,1,1,0,0,0,1,1,2,2,0,0,2,1,0,0,0,0,1,1,0,1,0,2,0,0,21.606908572181027
30-03-2022,0,2,1,0,0,1,2,0,0,0,1,0,0,1,4,0,0,0,2,0,2,1,2,0,2,0,0,0,1,1,0,0,20.667420553631985
31-03-2022,0,1,0,0,0,1,1,0,0,0,0,0,0,1,4,0,0,0,1,0,2,1,0,1,1,0,0,0,0,3,0,0,20.054137831479753
01-04-2022,0,2,0,1,0,0,3,0,1,0,0,0,0,2,1,1,0,0,1,0,3,1,0,2,2,0,0,0,0,1,0,0,19.33938063670492
02-04-2022,1,1,0,0,0,1,0,0,0,0,0,0,1,1,4,1,0,0,0,1,0,0,0,0,0,0,0,0,1,1,0,0,18.762422330061224
03-04-2022,0,0,1,0,0,0,2,0,0,1,0,0,0,4,2,1,0,0,0,0,1,0,0,0,0,0,0,0,0,1,0,0,17.897137621852533
04-04-2022,0,1,0,1,1,1,5,0,0,0,1,1,0,0,3,0,1,1,0,1,1,0,0,0,1,1,0,0,1,2,0,0,17.0956094523908
05-04-2022,0,1,0,0,0,1,2,0,1,0,0,0,1,0,4,0,0,0,2,0,2,0,0,0,0,0,1,0,1,1,0,0,15.773505901193706
06-04-2022,0,0,1,0,0,0,3,0,0,0,1,0,1,3,3,0,0,0,0,0,1,1,0,0,0,0,0,0,0,2,0,0,14.619027358724315
07-04-2022,0,0,0,1,0,0,2,0,0,0,0,0,1,3,0,0,0,0,2,0,1,0,0,0,1,0,0,1,0,1,0,0,13.537148599426265
08-04-2022,0,2,0,0,0,1,2,0,0,0,3,1,1,2,3,0,0,0,1,1,0,0,0,0,1,0,0,2,0,0,0,0,13.031850478335585
09-04-2022,0,1,0,0,0,0,1,0,0,0,0,0,0,0,0,0,0,0,1,0,0,0,0,0,0,0,0,2,0,0,0,1,12.640895546965107
10-04-2022,0,1,0,0,0,1,2,0,0,0,0,0,1,0,1,0,0,0,0,0,0,1,0,0,0,1,0,0,0,2,0,0,12.525357902460675
11-04-2022,0,0,0,0,0,2,0,1,0,0,0,0,0,0,0,0,0,0,0,0,1,0,0,0,1,0,0,0,0,1,0,0,12.334712339238303
12-04-2022,0,0,0,0,0,0,2,0,0,0,0,0,1,1,0,1,0,1,0,1,1,0,0,0,3,0,0,0,0,0,0,0,12.178210124305403
13-04-2022,0,1,0,0,0,1,2,0,1,0,1,0,0,0,2,0,0,0,0,1,0,1,0,0,1,1,0,0,0,0,0,0,11.765288890302783
14-04-2022,0,1,0,0,0,3,1,0,1,0,0,0,0,2,1,0,0,0,0,1,1,0,0,0,1,1,0,0,0,2,0,0,11.238921837881334
15-04-2022,0,1,0,0,0,0,2,1,0,0,0,0,0,0,1,0,0,1,1,0,0,0,0,1,0,0,0,0,0,0,1,0,10.788099797815535
16-04-2022,0,0,0,1,0,0,1,0,0,0,0,0,1,1,4,1,0,1,1,0,0,1,0,0,1,0,0,0,0,1,0,1,10.416911492768206
17-04-2022,1,1,0,0,0,3,1,0,1,0,0,0,0,1,1,0,0,0,1,0,0,1,0,0,0,0,0,0,0,0,0,0,10.168729300256812
18-04-2022,0,0,0,0,0,1,0,0,0,0,1,0,0,1,0,1,0,0,0,1,1,0,0,0,1,0,0,0,0,0,0,0,9.668506182864789
19-04-2022,0,2,0,0,0,0,0,0,0,0,0,0,0,0,2,0,0,1,0,2,0,0,0,0,0,0,0,0,0,1,0,0,9.0677716518159
20-04-2022,0,0,0,0,0,0,2,0,0,0,1,0,0,0,1,0,1,0,1,0,0,1,0,0,0,0,0,0,0,1,0,0,8.410785136779294
21-04-2022,0,0,0,0,0,0,3,0,0,0,0,0,0,1,2,0,0,0,2,0,1,0,0,0,0,0,0,2,0,1,0,0,7.895329470995886
22-04-2022,1,0,0,0,0,0,0,0,0,1,0,0,1,1,2,0,0,0,0,0,0,0,0,0,0,0,0,0,0,1,0,0,7.505011612022379
23-04-2022,1,0,0,0,0,0,1,0,0,0,1,0,0,1,1,0,0,0,2,0,0,0,0,0,0,0,0,0,0,1,0,0,7.147432174210614
24-04-2022,0,0,0,0,0,0,0,0,0,0,0,0,0,1,0,0,0,0,0,0,0,0,0,0,0,0,1,0,0,1,1,0,6.895588989886053
25-04-2022,0,0,0,0,1,0,0,0,0,0,0,0,0,0,0,0,0,0,0,0,0,0,0,0,1,0,0,0,0,0,1,0,6.828989099355863
26-04-2022,0,1,0,0,0,0,1,0,0,0,0,0,0,1,2,0,0,0,1,0,0,0,0,0,0,2,0,0,0,1,0,0,6.876588636341246
27-04-2022,0,0,0,0,0,0,1,0,0,0,0,0,0,0,1,1,0,0,1,0,0,0,0,1,0,0,0,0,0,1,0,0,6.923505122505486
28-04-2022,0,0,1,0,0,0,0,0,0,0,1,0,0,0,0,0,0,0,0,1,0,0,0,0,0,0,0,0,0,0,0,0,6.792438459257677
29-04-2022,0,1,0,0,0,2,1,0,0,0,1,0,0,0,0,0,0,0,0,1,0,1,0,0,0,0,0,0,0,1,0,0,6.500225743611517
30-04-2022,0,0,0,0,0,0,0,1,0,0,0,0,0,1,1,0,0,0,0,0,1,0,0,0,1,0,0,2,0,0,0,1,6.1325347250723885
01-05-2022,0,0,0,0,0,0,1,1,0,0,0,0,0,2,0,0,0,0,1,0,0,0,0,0,0,0,1,0,0,1,0,0,5.907350075933814
02-05-2022,0,0,0,0,0,0,1,0,0,0,1,1,0,1,1,0,0,0,2,1,0,0,0,0,0,0,0,0,0,0,0,0,5.812428501777554
03-05-2022,1,0,0,0,0,0,0,0,0,0,0,1,0,0,2,1,0,0,0,1,0,0,0,0,0,0,0,0,0,0,0,0,5.723507800985309
04-05-2022,0,0,0,0,0,0,0,0,0,0,0,0,0,0,0,1,0,0,0,0,0,1,0,0,0,0,0,0,0,0,0,0,5.652828160250475
05-05-2022,0,0,1,0,0,1,1,0,0,0,0,0,0,1,0,0,0,0,0,0,0,0,0,0,0,0,0,0,0,0,0,0,5.595262870279498
06-05-2022,0,0,0,0,0,0,0,0,1,0,0,0,0,0,2,0,0,0,0,0,1,0,0,0,0,0,1,0,1,0,0,0,5.560411717602489
07-05-2022,0,0,0,0,0,1,0,0,0,0,0,0,0,0,0,0,0,0,0,0,1,0,0,0,2,1,1,0,0,0,1,0,5.28051064734345
08-05-2022,0,0,0,0,0,0,0,0,0,0,0,0,0,0,1,0,0,0,0,1,1,0,0,0,0,0,0,1,0,1,0,0,4.979593243890116
09-05-2022,1,0,0,0,0,0,1,0,0,0,0,0,0,0,0,0,0,0,0,0,0,0,0,0,0,0,0,0,0,1,0,0,4.823052791421096
10-05-2022,0,1,0,0,0,0,2,1,0,0,1,1,0,0,0,0,0,0,1,0,0,0,0,0,1,0,0,1,0,0,0,0,4.942574349990611
11-05-2022,0,0,0,0,0,0,1,0,0,0,0,0,0,0,2,0,0,0,1,0,0,0,0,0,0,0,0,0,0,1,0,0,5.100077419358493
12-05-2022,0,0,0,0,0,0,0,0,0,0,0,0,0,0,0,0,0,0,1,0,0,0,0,0,0,0,0,0,0,0,0,0,5.103876723679163
13-05-2022,0,0,0,0,0,0,0,0,0,0,0,0,0,1,0,0,0,0,1,0,0,0,0,0,0,0,0,0,0,0,0,0,5.001785007989237
14-05-2022,0,1,0,0,0,0,1,0,0,0,0,0,0,0,2,1,0,0,1,0,0,0,0,0,0,0,0,0,0,0,1,0,4.908650454811734
15-05-2022,0,0,0,0,0,0,1,0,0,0,0,0,1,0,1,0,1,0,0,1,0,0,0,0,0,0,0,1,0,1,0,0,4.915382612026007
16-05-2022,0,0,0,0,0,0,1,0,0,0,0,0,0,1,1,0,0,0,0,0,0,1,0,0,1,0,0,0,0,0,1,0,5.015089918538568
17-05-2022,0,0,0,0,0,1,0,0,0,0,0,0,0,1,0,0,0,0,0,1,0,0,0,0,0,0,0,0,0,1,1,0,5.111766844782825
18-05-2022,0,0,0,0,0,0,1,0,0,0,0,0,0,1,0,0,0,0,0,0,0,0,0,0,0,0,0,0,0,0,0,0,5.217433868263483
19-05-2022,0,2,0,0,0,0,1,0,0,0,1,0,0,0,0,0,0,0,0,0,0,0,0,0,0,0,1,0,0,0,0,0,5.317341865096329
20-05-2022,0,1,1,0,0,0,0,0,0,0,1,0,0,0,0,0,0,0,1,0,0,0,0,0,0,1,2,0,0,0,0,0,5.348134942927863
21-05-2022,0,0,0,0,0,0,0,0,0,0,0,0,0,1,0,0,0,0,0,1,0,0,0,0,0,1,0,1,0,0,0,0,5.376718209177144
22-05-2022,0,0,0,1,0,0,2,0,0,0,0,0,0,0,0,0,0,0,0,1,0,0,0,0,0,0,2,0,0,0,1,0,5.239794342233357
23-05-2022,0,0,1,0,0,0,2,0,0,0,0,0,1,0,0,0,0,0,0,0,0,0,0,0,0,0,0,0,0,2,0,0,5.1112256016785755
24-05-2022,0,0,0,0,0,0,0,0,0,0,0,0,0,1,1,0,0,0,0,0,0,0,0,0,0,0,1,0,0,1,0,0,4.9400862402567105
25-05-2022,0,1,0,0,0,0,0,0,0,0,0,0,0,1,1,0,1,1,0,0,0,0,0,0,1,0,1,1,0,0,0,0,4.909963709594304
26-05-2022,0,0,0,0,0,0,0,0,0,0,0,0,0,2,0,0,0,0,1,0,0,0,0,0,0,0,0,0,0,0,0,0,4.9319948551877495
27-05-2022,0,0,1,0,0,0,0,0,0,0,0,0,0,0,0,1,0,0,0,0,1,0,0,1,0,0,0,1,0,0,0,0,4.9279004936577175
28-05-2022,0,0,0,1,0,0,0,0,0,0,0,0,0,0,0,0,0,0,0,0,0,0,0,1,0,0,0,0,0,1,0,1,4.922330060015007
29-05-2022,0,0,0,0,0,0,0,0,0,0,0,0,0,0,1,0,0,0,0,0,0,0,0,0,0,0,1,0,0,1,0,0,4.9687090414254875
30-05-2022,0,1,0,0,0,0,1,0,0,0,0,0,1,1,0,0,0,0,0,0,0,0,1,0,1,0,0,0,0,0,0,0,5.097031829689986
31-05-2022,0,0,0,0,0,0,2,0,0,0,0,0,0,0,2,0,0,0,1,0,0,0,0,1,0,0,0,0,0,1,0,0,5.152384086421314
01-06-2022,0,0,0,0,0,0,1,0,0,0,0,0,0,1,0,0,0,0,1,0,0,0,0,0,0,0,0,0,0,0,0,0,5.139673987648675
02-06-2022,0,0,0,0,0,0,1,0,0,0,0,0,0,1,1,0,0,1,0,0,0,0,0,0,0,0,0,0,0,0,0,0,5.045665093370951
03-06-2022,1,2,0,0,0,0,2,0,0,0,1,0,0,0,1,0,1,0,0,0,0,0,0,0,0,0,0,0,0,0,0,0,5.012705339357334
04-06-2022,0,0,0,0,0,1,0,0,0,0,1,0,0,0,0,0,0,0,1,0,0,0,0,0,0,0,0,0,0,0,2,0,5.039766528216273
05-06-2022,1,0,0,0,0,0,0,0,0,0,0,0,0,1,1,0,0,0,0,0,0,0,1,0,0,0,1,0,0,0,0,0,5.201466278882134
06-06-2022,1,0,0,0,0,0,1,0,0,0,0,0,0,1,0,0,0,0,0,0,0,0,0,0,0,1,0,0,0,0,0,1,5.622593144686291
07-06-2022,0,0,0,0,0,0,1,0,0,0,1,0,0,0,1,0,0,0,0,0,0,0,0,0,0,0,0,0,0,0,1,0,6.2448831081566425
08-06-2022,0,0,1,0,0,2,0,0,0,0,0,0,0,0,1,0,0,0,0,0,0,0,0,0,0,0,0,0,0,0,0,0,7.155872481153217
09-06-2022,0,0,0,0,0,0,1,1,0,0,0,0,0,0,0,0,0,0,1,0,0,0,0,1,1,0,0,0,0,0,1,1,7.752596616055231
10-06-2022,0,0,0,0,0,0,1,1,0,0,0,0,0,0,0,0,1,0,2,0,0,0,0,0,1,0,0,0,0,0,0,0,8.274558590190978
11-06-2022,0,0,1,0,0,0,1,0,0,0,0,0,0,1,0,0,0,0,2,1,0,0,0,1,0,0,0,0,0,0,0,0,8.49863024382519
12-06-2022,0,1,0,0,0,0,3,0,0,0,0,0,0,1,1,2,0,0,5,1,0,1,0,0,0,0,0,0,0,0,0,0,9.026380465947113
13-06-2022,0,1,1,0,0,0,1,0,0,0,0,0,0,2,0,0,0,0,0,1,0,0,0,0,1,0,0,1,0,0,2,0,9.603685173797873
14-06-2022,1,1,3,0,0,0,4,1,0,0,1,0,0,0,1,0,0,0,0,0,0,0,0,0,0,0,0,0,0,0,2,0,10.278776893483554
15-06-2022,0,0,0,0,0,0,1,0,0,0,0,0,0,0,0,0,0,0,1,0,0,0,0,0,0,0,0,1,0,0,1,0,10.984779437920489
16-06-2022,0,0,0,0,0,2,2,0,0,0,0,0,0,1,2,1,0,0,2,0,0,0,0,0,0,0,0,0,0,0,1,0,11.84916084293503
17-06-2022,0,0,0,0,0,1,1,0,1,0,0,0,0,1,4,0,0,0,0,0,1,1,0,0,2,0,0,1,0,0,0,0,12.873550726946341
18-06-2022,1,1,0,0,0,0,5,0,1,0,0,0,0,0,0,0,0,0,1,0,0,0,0,0,0,0,0,0,0,1,2,1,13.933363635579246
19-06-2022,0,0,0,0,0,0,3,0,0,0,1,0,0,1,1,0,0,0,4,0,0,1,0,0,0,0,0,0,0,3,0,0,14.810707021616238
20-06-2022,1,0,1,1,0,1,3,1,0,1,0,0,1,1,2,0,0,0,0,0,0,0,0,0,0,0,0,0,0,1,0,0,15.887088145058343
21-06-2022,0,1,0,0,0,2,4,0,0,0,0,0,0,0,0,0,0,1,1,1,1,0,1,0,3,0,0,1,0,0,1,0,17.12757550082338
22-06-2022,1,0,1,1,0,0,5,0,0,1,0,0,0,0,3,1,0,0,3,0,0,1,0,1,1,1,1,0,0,0,0,0,18.58332201716998
23-06-2022,0,2,0,0,0,2,3,0,0,0,0,1,0,0,1,0,0,0,1,2,0,1,0,0,2,0,0,0,0,3,0,0,20.030602141742413
24-06-2022,0,1,1,1,0,1,6,0,0,0,0,0,0,0,1,0,1,0,4,0,0,0,1,0,0,0,0,1,0,1,0,0,21.328985577334052
25-06-2022,0,1,0,0,0,0,5,0,0,0,0,0,0,2,3,0,0,0,2,0,0,2,1,0,1,0,0,0,0,0,1,0,22.726390579018666
26-06-2022,0,0,1,0,0,0,7,0,0,0,4,0,0,0,2,0,0,0,1,1,0,1,1,1,3,1,1,0,0,3,2,1,24.020815125502992
27-06-2022,1,0,1,0,0,0,8,2,0,0,0,0,0,0,2,0,0,1,3,2,1,0,0,1,0,0,0,1,0,2,1,1,25.448441880227534
28-06-2022,1,1,0,0,0,1,2,1,0,0,1,0,0,1,6,0,0,1,1,0,0,0,0,0,1,0,1,1,0,1,0,1,27.312296991688697
29-06-2022,0,2,2,0,1,0,8,0,0,0,2,1,1,0,3,0,0,1,5,0,0,0,0,1,1,0,1,3,0,1,2,0,29.250578633453628
30-06-2022,0,1,2,0,0,1,3,1,0,0,1,1,1,1,2,1,0,0,2,0,0,0,1,1,2,0,0,1,1,1,2,0,31.64117825556706
01-07-2022,0,1,1,0,0,2,6,1,0,0,1,0,0,0,3,0,0,0,1,0,2,0,0,2,1,4,2,0,0,1,0,0,33.818336874471505
02-07-2022,0,0,0,1,0,1,7,1,1,0,3,0,0,2,4,0,0,0,3,2,1,2,0,0,2,1,0,1,0,3,3,0,36.236783327177996
03-07-2022,0,0,0,0,0,2,8,0,0,0,0,0,1,1,3,0,1,1,3,1,0,0,1,0,1,2,0,3,0,2,0,2,38.62305878713965
04-07-2022,0,0,0,0,0,1,7,1,1,1,0,0,0,3,6,1,0,0,4,2,1,2,2,1,1,1,3,3,0,3,5,0,41.459102826779215
05-07-2022,0,1,3,0,0,3,3,3,0,0,0,1,1,0,6,1,0,1,4,1,0,0,0,0,1,1,1,3,0,2,2,0,45.32618800232402
06-07-2022,1,1,0,1,0,0,8,0,0,1,0,0,3,1,10,0,0,1,6,0,1,0,2,1,1,0,0,3,1,4,1,0,49.811299250217
07-07-2022,1,0,0,1,0,1,3,1,1,1,3,0,0,2,11,1,1,0,6,1,2,2,0,1,1,1,0,1,0,5,4,1,54.99315576126984
08-07-2022,1,0,2,0,0,3,4,2,0,0,0,2,0,3,5,0,0,0,9,0,1,0,0,0,2,0,1,2,0,5,2,1,60.03455087580752
09-07-2022,0,1,2,0,0,0,13,1,0,0,2,0,0,2,12,1,0,2,7,1,0,0,3,0,1,1,0,2,0,4,1,1,64.85923577605995
10-07-2022,0,1,0,1,2,1,19,1,0,0,3,1,2,1,10,3,1,0,5,0,4,0,0,4,0,2,3,3,0,5,1,0,68.61325194381173
11-07-2022,2,1,1,0,1,1,9,1,1,0,2,3,2,4,13,3,2,0,8,0,3,2,1,1,2,1,2,3,3,7,2,1,71.31188532871965
12-07-2022,0,3,1,0,0,2,9,4,2,0,3,0,4,2,4,0,2,0,12,1,2,1,1,0,2,3,2,6,0,4,3,0,73.67165249130515
13-07-2022,1,0,2,2,0,2,16,2,0,4,6,2,1,2,15,2,0,2,9,1,4,1,1,2,1,1,1,6,0,4,6,0,75.47175341968419
14-07-2022,2,2,2,2,0,1,15,1,4,1,3,0,1,3,15,0,1,0,7,1,4,4,1,1,1,4,0,1,0,9,4,0,77.48820259634446
15-07-2022,0,0,0,1,1,2,13,3,1,0,4,0,2,6,10,1,0,0,8,2,2,0,1,1,2,3,1,1,1,5,1,1,78.88174577877413
16-07-2022,2,3,1,1,0,3,12,2,1,1,0,2,4,5,10,1,0,0,0,3,7,0,1,1,5,3,2,6,1,4,1,0,80.53935366740984
17-07-2022,0,2,0,1,1,0,22,1,0,0,1,3,1,3,10,4,0,1,4,2,1,0,2,2,0,1,3,3,0,8,5,0,81.13841730468043
18-07-2022,1,1,1,1,1,0,22,1,1,1,1,2,2,4,13,0,0,0,8,1,3,2,0,1,5,2,3,5,1,6,0,0,81.20365524071411
19-07-2022,0,3,1,1,0,4,18,2,0,0,1,1,1,3,10,0,0,0,3,0,5,2,0,0,1,1,1,6,0,7,3,0,80.97962761015158
20-07-2022,0,4,1,3,0,5,16,3,1,0,4,0,2,0,12,4,1,1,9,3,4,4,1,1,0,6,2,3,0,5,2,0,81.56972657945434
21-07-2022,0,4,0,1,0,3,13,3,0,1,7,2,0,2,5,1,0,0,7,2,5,3,1,1,2,2,1,5,1,9,2,1,83.06315194568403
22-07-2022,1,3,0,1,1,4,15,1,0,1,1,2,3,8,10,1,1,1,5,0,2,1,1,1,4,3,0,5,0,3,2,1,84.45538716180025
23-07-2022,0,3,0,1,0,2,9,4,0,0,4,2,1,2,6,1,1,0,6,1,3,3,1,0,5,3,3,1,2,1,4,4,85.704777014503
24-07-2022,2,3,1,1,0,0,7,2,0,1,4,2,1,1,10,3,3,1,7,5,5,0,2,1,1,0,2,4,0,5,0,1,86.22850033920274
25-07-2022,1,0,2,1,0,2,17,1,3,2,3,1,2,4,6,5,2,1,9,0,4,1,0,0,1,5,4,5,0,9,1,1,86.77055239560711
26-07-2022,1,4,0,0,1,2,16,5,1,0,4,1,2,5,6,4,0,0,7,2,5,6,0,4,4,3,1,1,2,8,2,1,86.5207141852034
27-07-2022,2,4,1,0,1,3,12,4,2,1,4,0,2,4,12,2,2,2,7,1,5,0,1,2,1,6,1,3,0,7,2,0,86.30337201814869
28-07-2022,0,3,3,0,0,1,13,3,0,0,2,2,1,2,8,0,2,2,10,0,2,3,0,3,3,2,3,1,0,8,1,2,85.87565005562995
29-07-2022,1,1,1,0,1,2,13,2,0,2,5,2,6,5,7,4,1,1,7,3,5,2,0,4,4,2,1,7,0,6,3,0,85.65496110665276
30-07-2022,1,2,0,0,0,1,7,1,0,0,3,2,2,2,14,2,2,0,5,4,5,2,0,5,6,2,2,2,0,5,5,0,85.08871267742283
31-07-2022,1,0,2,0,1,4,7,2,2,1,4,2,2,4,6,1,3,0,9,2,3,2,0,1,4,6,4,1,0,3,5,1,84.00843133439149
01-08-2022,0,2,1,1,0,1,12,2,1,0,7,4,3,5,13,1,1,2,1,0,3,2,0,3,5,0,2,3,1,2,2,1,81.85756161506906
02-08-2022,0,3,2,1,1,3,10,2,1,0,10,0,1,6,6,4,4,1,6,1,6,4,0,3,1,1,0,0,0,7,3,1,79.06252931622213
03-08-2022,0,2,1,0,0,1,8,5,1,2,6,1,4,4,10,5,2,0,4,7,4,1,1,0,0,3,1,3,0,5,2,1,75.63378146119823
04-08-2022,2,3,0,1,0,4,4,5,0,0,5,2,2,3,7,7,2,4,6,1,4,3,0,4,2,1,0,3,0,4,1,0,72.77808710274554
05-08-2022,1,0,1,0,0,2,8,6,3,0,4,2,5,5,10,1,3,0,5,3,2,2,0,1,4,0,2,3,0,0,5,0,69.67376872991487
06-08-2022,1,2,1,0,0,1,8,3,2,0,4,0,2,2,13,2,0,1,6,2,2,2,0,1,2,2,1,3,2,3,0,1,66.89085708299905
07-08-2022,0,0,0,0,0,1,4,2,0,0,6,4,3,0,5,0,0,0,2,2,3,2,1,1,2,2,3,1,1,1,1,0,63.527740206149986
08-08-2022,0,1,0,1,0,5,6,3,0,0,3,1,3,2,10,3,0,1,5,1,4,3,2,0,1,2,3,2,2,2,0,1,60.311267892752305
09-08-2022,1,2,2,0,0,0,13,1,1,0,3,1,2,4,5,3,0,0,4,2,1,0,0,0,2,0,0,4,1,2,0,1,56.78437960983984
10-08-2022,1,1,2,0,0,4,12,2,0,0,1,0,2,3,7,5,2,2,0,0,1,1,0,0,2,2,0,2,2,2,1,1,54.00876967745224
11-08-2022,0,1,0,0,0,1,7,3,0,1,1,3,1,2,4,1,1,1,6,4,3,1,0,0,0,0,0,5,0,1,1,1,51.6890940903007
12-08-2022,2,1,0,0,0,1,10,3,1,1,5,0,0,2,5,0,0,0,2,2,4,6,0,2,1,0,0,2,0,0,0,1,49.95359029056738
13-08-2022,0,2,0,0,0,0,3,0,0,0,2,0,1,5,3,2,3,0,3,0,0,3,0,1,0,1,3,1,1,2,0,1,47.73909445648513
14-08-2022,1,2,0,1,0,4,4,0,0,0,3,1,0,4,5,1,0,0,1,1,2,1,1,2,1,1,1,0,0,3,0,2,45.426200873118916
15-08-2022,1,0,0,0,0,2,5,0,0,2,2,0,1,2,5,0,0,0,1,1,1,3,1,0,0,0,1,2,0,3,1,3,43.080865310244185
16-08-2022,2,1,1,1,0,3,4,1,3,0,3,0,4,3,5,1,1,0,3,2,4,0,1,1,0,0,0,0,4,3,0,1,41.18893914339816
17-08-2022,0,1,2,0,0,2,7,0,0,1,2,2,2,1,3,2,1,0,2,2,0,2,1,1,0,1,0,1,1,2,1,3,39.71125663399339
18-08-2022,1,0,1,0,1,2,2,1,0,0,0,0,0,1,1,2,1,1,3,0,1,3,0,2,2,1,0,6,0,0,0,1,38.74199115180134
19-08-2022,0,1,0,0,0,0,6,1,0,1,0,1,0,1,2,0,0,1,3,0,0,5,1,0,1,1,0,0,0,1,2,1,37.966194891557485
20-08-2022,1,1,0,0,0,0,8,3,0,0,1,3,0,2,4,0,0,1,3,0,2,0,0,0,1,0,0,2,0,1,2,2,36.769834966239905
21-08-2022,1,2,2,0,1,2,4,3,0,0,1,0,1,2,3,1,0,0,0,1,0,0,1,2,0,3,0,0,0,1,0,0,35.26926559502789
22-08-2022,0,3,0,1,0,2,7,0,1,0,2,2,1,3,2,1,0,0,1,1,0,1,0,1,0,2,0,0,0,0,1,0,33.54233041160443
23-08-2022,1,4,1,0,0,2,5,1,0,0,2,0,3,2,4,0,1,0,1,2,1,1,0,2,0,1,0,1,1,2,0,4,32.02984479263029
24-08-2022,2,0,0,0,1,1,5,1,0,0,0,0,2,3,5,0,0,1,2,2,1,3,1,0,1,0,2,1,0,1,0,2,30.306459504329307
25-08-2022,1,0,1,0,0,2,5,0,0,0,2,0,2,2,2,0,1,0,1,0,1,0,0,1,0,1,0,1,0,3,0,0,28.586540257716894
26-08-2022,0,1,1,0,0,2,2,1,0,0,0,0,1,3,6,0,0,0,1,0,1,1,0,0,0,0,0,0,0,1,0,0,27.02146189376164
27-08-2022,2,0,0,1,0,2,2,1,0,0,0,2,2,0,0,2,0,0,5,1,1,1,0,1,2,3,2,0,0,1,0,1,25.703628327977526
28-08-2022,0,1,1,0,0,0,4,1,0,0,2,0,2,1,1,0,0,0,0,2,3,0,0,1,1,0,0,0,0,1,0,0,24.611767356511788
29-08-2022,0,1,0,0,0,0,2,1,0,1,0,0,0,3,3,0,0,0,3,0,2,0,0,0,0,1,1,0,0,2,0,0,23.35814872914086
30-08-2022,3,0,0,2,0,0,5,1,0,0,0,0,1,1,1,1,0,0,1,2,1,2,0,0,0,0,0,0,1,0,0,0,22.042210645834643
31-08-2022,0,0,1,0,0,1,1,0,0,0,2,0,0,3,2,0,0,0,1,2,2,0,0,0,0,1,0,1,0,0,0,0,20.63398578629195
01-09-2022,0,2,2,1,0,0,4,1,0,0,1,0,3,1,2,0,0,0,2,1,0,3,0,0,0,0,0,0,0,0,0,0,19.344155922551142
02-09-2022,0,1,0,0,0,1,3,0,0,0,0,0,3,0,4,0,0,0,1,0,2,2,0,2,0,0,0,1,0,1,0,0,18.264561443048553
03-09-2022,0,0,0,0,0,1,2,0,0,0,3,1,0,1,2,1,0,0,2,1,0,1,0,0,0,0,0,0,0,1,0,0,17.35682259931298
04-09-2022,0,0,0,0,0,1,0,0,0,0,2,0,0,2,2,0,0,0,0,1,1,1,0,0,0,0,0,1,0,1,1,0,16.841363303086535
05-09-2022,1,0,0,0,0,1,1,0,0,0,1,0,1,1,2,0,1,0,1,3,0,1,0,0,0,0,0,0,1,0,0,0,16.342343685385966
06-09-2022,0,0,0,0,0,1,0,1,1,1,1,0,0,1,1,1,0,1,0,0,0,0,0,0,1,2,0,0,0,0,1,0,15.939315683088148
07-09-2022,0,0,0,0,0,1,2,0,0,0,0,0,2,1,0,0,0,0,0,0,1,0,0,0,1,0,0,1,0,0,1,2,15.430762643349487
08-09-2022,0,0,0,0,0,1,3,1,0,0,0,0,1,3,1,1,0,0,0,2,0,0,0,0,1,1,0,1,0,0,0,1,14.872854570474695
09-09-2022,0,1,0,0,0,1,1,0,0,0,0,0,1,1,2,1,0,0,1,0,1,0,0,0,0,0,0,1,0,0,0,2,14.29275612477162
10-09-2022,1,0,0,0,1,0,4,0,0,1,1,0,0,0,2,0,0,0,0,1,1,1,0,0,2,2,0,0,0,1,0,1,13.30772506896814
11-09-2022,0,1,0,0,0,1,0,0,0,0,0,2,0,1,3,0,0,0,2,0,0,0,0,0,0,0,0,0,0,1,0,0,12.420230581201158
12-09-2022,0,0,0,0,0,0,2,0,0,0,0,0,1,0,1,0,1,0,2,1,1,0,0,0,0,2,0,0,0,0,0,0,11.331552758321346
13-09-2022,0,1,0,0,0,0,0,1,0,0,1,0,0,1,3,1,0,0,2,0,1,1,0,1,0,0,0,3,0,0,1,1,10.489546667337127
14-09-2022,1,0,0,0,0,0,1,0,0,0,0,0,0,1,0,0,0,0,2,0,0,0,0,0,0,0,0,0,0,0,0,0,9.759511225963044
15-09-2022,0,0,0,0,0,0,1,0,0,0,0,0,0,1,2,0,0,0,0,0,2,1,0,1,0,1,0,1,0,0,0,0,9.212382711921306
16-09-2022,1,0,0,0,0,0,1,0,0,0,0,0,0,1,0,0,0,1,0,0,0,0,0,0,0,1,0,0,0,0,0,0,9.073773283213498
17-09-2022,0,1,0,0,0,1,1,0,0,0,0,0,0,0,1,0,0,0,1,1,0,1,0,1,0,0,0,0,0,0,0,0,8.757350705263098
18-09-2022,0,0,0,0,0,1,2,0,1,0,0,0,0,1,0,0,0,0,0,0,0,0,0,0,0,0,0,0,0,0,0,0,8.623176720189834
19-09-2022,0,1,0,0,0,0,0,1,0,0,0,0,1,1,0,0,0,0,0,0,0,0,0,0,0,0,0,0,0,0,2,0,8.13613872159111
20-09-2022,0,0,0,0,0,1,0,0,0,0,0,0,1,3,2,0,0,0,2,0,0,1,1,0,0,0,0,0,0,0,1,0,7.990458864843508
21-09-2022,0,0,0,0,0,0,1,0,0,0,0,0,0,0,0,0,0,0,0,0,0,0,0,0,2,0,0,0,0,1,0,0,8.027300503427362
22-09-2022,1,0,3,0,0,0,0,1,0,0,1,0,1,0,3,0,0,0,0,0,0,0,0,2,3,0,0,0,0,0,0,0,8.253500997666912
23-09-2022,0,0,0,0,0,0,0,0,0,0,0,0,0,0,1,0,0,0,0,0,0,0,0,0,0,0,0,1,0,0,0,0,8.300966273547859
24-09-2022,0,0,0,0,0,0,0,0,0,0,1,0,0,0,1,0,0,1,0,1,0,0,0,0,0,1,0,1,0,0,0,0,7.9112855703689275
25-09-2022,0,0,0,0,1,0,2,0,0,0,0,0,0,2,0,0,0,0,1,0,0,1,0,0,0,0,0,1,0,0,0,0,7.405058551904514
26-09-2022,0,0,0,0,0,1,0,0,0,0,0,0,1,0,2,0,1,0,1,0,0,0,1,0,0,0,0,0,0,3,0,0,6.94691510465811
27-09-2022,0,1,1,0,0,1,2,0,0,1,2,0,0,0,3,0,0,0,0,0,0,1,0,0,1,0,0,0,0,0,0,0,6.652618880864764
28-09-2022,0,1,0,0,1,0,1,0,0,0,0,0,0,0,2,0,0,0,0,0,0,0,0,0,1,0,0,0,0,0,0,0,6.575244110688669
29-09-2022,0,0,0,0,0,0,0,0,0,0,0,0,1,1,1,0,0,0,0,0,0,0,0,0,0,0,0,0,0,0,0,0,6.5892270831766195
30-09-2022,0,0,0,0,0,0,0,0,0,0,0,0,0,1,1,0,0,0,0,0,1,0,0,0,0,0,0,0,0,0,0,0,6.760068084338616
01-10-2022,0,0,0,0,0,1,2,0,0,0,0,0,0,0,3,0,0,0,0,0,0,0,0,0,0,0,0,0,0,0,0,0,6.6416114063910525
02-10-2022,0,1,0,0,0,0,2,0,0,0,0,0,0,0,1,0,0,0,0,1,0,0,1,0,0,0,0,0,0,1,0,0,6.304846428825833
03-10-2022,0,0,0,0,0,0,0,0,0,0,0,0,0,0,1,1,0,0,0,0,0,0,0,2,0,0,0,0,0,0,0,0,5.687382641884049
04-10-2022,0,0,0,0,0,0,4,0,0,0,1,0,0,0,4,0,0,0,1,0,1,0,0,0,0,0,0,0,0,0,0,0,5.1662253875984865
05-10-2022,1,1,0,0,0,0,1,1,0,0,0,0,0,1,0,0,0,0,0,0,1,0,1,0,0,0,0,1,0,0,0,0,4.654727236920492
06-10-2022,0,0,0,0,0,1,0,0,0,0,0,0,0,0,1,0,0,0,0,1,0,0,0,0,1,0,0,0,0,1,0,0,4.294477842829765
07-10-2022,0,0,0,0,0,0,0,0,0,0,0,0,0,0,1,0,0,0,0,0,0,0,0,0,0,0,0,0,0,0,0,0,3.9745704279547938
08-10-2022,0,0,0,0,0,0,1,0,0,0,0,0,0,0,0,1,0,0,0,0,0,0,0,0,0,0,0,1,0,0,0,0,3.7861968305666793
09-10-2022,0,0,0,0,0,1,0,0,0,0,0,0,0,0,0,0,0,0,0,0,0,0,0,0,0,0,0,0,0,0,0,0,3.586538888187723
10-10-2022,0,0,0,0,0,0,1,0,0,0,0,0,0,0,1,0,0,0,0,0,0,0,0,0,2,0,0,0,0,0,0,0,3.3909228523362587
11-10-2022,0,0,0,0,0,0,0,0,0,0,0,0,1,0,0,0,0,0,0,1,0,0,0,0,0,0,0,0,0,0,0,0,3.189932669370068
12-10-2022,0,0,0,0,0,0,2,0,0,0,0,0,0,0,0,0,0,0,0,1,0,0,0,0,0,0,0,0,0,0,0,0,3.0234034194327086
13-10-2022,0,0,0,0,0,0,1,0,0,0,0,0,1,1,0,0,0,0,0,0,0,0,0,0,0,0,0,0,0,1,0,0,2.8325763379437365
14-10-2022,0,0,0,0,0,0,0,0,0,0,0,0,0,0,0,0,0,0,0,0,0,0,1,0,1,0,0,1,0,0,0,0,2.795123280897529
15-10-2022,0,0,0,0,0,0,0,0,0,0,0,0,0,0,0,0,0,0,0,0,0,0,0,1,0,0,0,0,0,0,0,0,2.468879009342946
16-10-2022,0,0,0,0,0,0,0,0,0,0,0,1,1,0,0,0,0,0,0,0,0,0,0,0,1,0,0,0,0,0,0,0,2.1827631046973686
17-10-2022,0,1,0,0,0,0,0,0,0,0,0,0,0,0,0,0,0,0,0,0,0,0,0,0,0,0,0,1,0,0,1,0,3
18-10-2022,0,0,0,0,0,0,0,0,0,0,0,0,0,0,0,0,0,0,0,0,0,0,0,0,0,0,0,1,0,0,0,0,1
19-10-2022,0,0,0,0,0,0,0,0,0,0,0,0,0,0,0,1,0,0,0,0,0,0,0,0,0,0,0,0,0,0,0,0,1
